Data,h1,h2,h3,h4,h5,h6,h7,h8,h9,h10,h11,Acc,Total,Razao,Casa
01/01/2019,10.614,11.818,11.604,11.355,10.514,10.959,10.951,10.992,11.065,11.486,11.583,122.938,266.361,216,C4
02/01/2019,11.216,10.958,11.488,11.055,11.197,11.335,10.957,11.179,11.211,12.312,11.798,124.702,273.689,219,C4
03/01/2019,11.675,12.114,11.725,12.191,11.839,11.375,11.783,11.956,11.752,11.450,12.197,130.054,285.508,219,C4
04/01/2019,11.914,12.861,12.705,11.892,11.892,11.444,11.049,11.890,12.276,11.941,11.500,131.361,289.908,220,C4
05/01/2019,12.804,11.878,11.843,12.288,12.747,12.904,10.815,9.972,11.555,12.303,12.328,131.435,286.695,218,C4
06/01/2019,11.349,11.573,11.573,11.369,11.194,11.587,10.904,11.229,11.241,11.824,11.516,125.356,271.500,216,C4
07/01/2019,11.020,11.207,11.963,12.057,11.671,11.967,12.105,12.311,13.158,13.060,13.331,133.847,304.810,227,C5
08/01/2019,12.389,13.542,13.384,13.871,11.933,11.972,11.570,11.525,11.819,11.132,11.473,134.607,284.574,211,C3
09/01/2019,12.466,11.683,11.863,11.625,12.010,11.617,11.115,11.872,12.974,13.275,12.585,133.082,300.214,225,C4
10/01/2019,13.373,12.361,13.461,13.287,12.861,12.916,12.972,13.382,13.324,13.203,12.972,144.109,317.610,220,C4
11/01/2019,14.493,13.630,13.749,13.718,13.518,13.415,13.250,13.165,13.623,13.593,13.849,150.000,327.375,218,C4
12/01/2019,13.958,13.391,12.800,9.952,12.310,12.918,13.634,13.268,13.599,13.530,13.403,142.759,308.208,215,C3
13/01/2019,12.570,12.265,11.724,11.673,11.189,11.704,11.813,11.344,10.905,11.611,11.959,128.757,295.150,229,C5
14/01/2019,13.279,12.742,12.950,12.913,12.746,12.349,12.080,12.180,12.127,13.239,12.301,138.906,292.784,210,C3
15/01/2019,8.995,11.142,12.823,12.595,14.035,13.691,13.788,14.393,14.061,13.362,13.060,141.945,311.988,219,C4
16/01/2019,13.053,13.075,13.232,12.654,12.679,12.868,11.763,11.801,12.648,13.524,13.920,141.217,315.267,223,C4
18/01/2019,13.994,13.938,13.849,12.800,14.026,13.676,14.457,14.609,13.388,12.715,13.365,150.816,337.307,223,C4
19/01/2019,14.082,14.677,13.735,14.341,14.322,14.196,13.724,13.815,13.815,12.920,12.920,152.547,329.295,215,C3
20/01/2019,13.043,13.043,13.444,13.582,13.722,13.722,13.780,13.488,12.419,13.693,13.976,147.913,327.895,221,C4
21/01/2019,13.885,13.885,13.948,13.372,13.910,14.066,14.066,14.464,13.963,12.775,12.392,150.726,308.909,204,C2
22/01/2019,10.344,10.861,12.183,12.508,11.172,11.497,11.524,11.719,13.100,12.107,11.830,128.846,279.375,216,C4
23/01/2019,11.825,11.907,11.633,11.267,10.859,11.231,11.325,11.305,11.259,12.006,11.636,126.252,279.080,221,C4
24/01/2019,11.494,11.610,11.538,11.616,11.346,11.217,12.139,12.264,11.114,11.295,11.848,127.480,282.978,221,C4
25/01/2019,12.622,12.293,12.172,12.573,12.629,12.313,12.605,12.673,12.658,12.666,12.971,138.175,303.488,219,C4
26/01/2019,12.491,11.839,12.321,12.897,12.211,12.999,12.874,12.673,12.628,12.559,12.253,137.744,298.799,216,C4
27/01/2019,11.623,12.298,12.326,11.245,11.614,11.977,11.957,11.948,11.590,12.011,11.178,129.767,283.301,218,C4
28/01/2019,11.068,11.068,11.263,11.461,11.394,9.999,10.106,9.827,10.401,10.401,10.334,117.322,246.936,210,C3
29/01/2019,9.888,8.779,9.733,9.489,8.857,9.057,9.735,9.630,10.018,10.009,11.090,106.286,247.160,232,C5
30/01/2019,12.215,12.220,11.602,11.028,11.220,11.852,11.333,11.640,12.599,12.675,12.725,131.108,292.868,223,C4
31/01/2019,11.072,12.161,12.137,11.845,12.152,11.590,11.762,10.481,11.365,11.322,12.194,128.079,285.087,222,C4
01/02/2019,12.957,12.990,12.316,12.927,12.646,12.338,12.502,12.532,12.240,13.518,12.757,139.720,300.801,215,C3
02/02/2019,12.396,12.493,11.099,11.309,11.737,11.826,11.714,12.810,12.286,12.265,11.950,131.883,284.879,216,C3
03/02/2019,11.967,11.261,10.438,11.032,11.126,11.035,11.133,11.019,10.683,11.472,10.905,122.068,265.538,217,C4
06/02/2019,11.794,12.685,11.534,11.893,11.986,12.654,12.282,11.795,12.247,12.902,12.604,134.373,296.621,220,C4
07/02/2019,12.185,13.550,13.579,13.349,12.660,12.970,13.060,7.002,16.191,13.123,12.546,140.213,306.295,218,C4
08/02/2019,12.068,11.972,12.151,12.063,11.901,12.020,12.448,12.679,12.532,12.246,12.614,134.692,293.642,218,C4
09/02/2019,12.665,11.914,12.029,11.681,11.444,11.780,11.704,11.658,12.200,12.323,11.684,131.079,278.292,212,C3
10/02/2019,10.895,10.591,11.060,10.345,9.859,10.368,10.541,10.547,10.985,11.479,11.674,118.342,225.035,190,C1
14/02/2019,11.260,11.253,11.230,12.113,10.026,10.116,10.240,10.071,10.481,10.089,9.663,116.541,269.256,231,C5
15/02/2019,12.870,13.426,12.291,12.858,11.826,11.253,11.989,11.989,12.037,12.745,12.445,135.726,301.419,222,C4
16/02/2019,14.016,14.897,13.967,13.469,13.911,13.976,13.536,13.760,12.767,12.680,12.010,148.987,306.187,205,C2
17/02/2019,11.236,11.623,11.624,11.219,11.981,11.110,10.955,11.212,11.198,11.179,11.702,125.036,275.359,220,C4
18/02/2019,11.618,10.832,11.199,11.568,11.973,11.980,11.219,11.962,11.586,12.512,12.512,128.957,283.918,220,C4
19/02/2019,11.210,11.437,11.437,11.210,11.199,11.520,10.882,9.675,10.759,11.089,10.707,121.125,267.239,220,C4
20/02/2019,11.113,11.514,12.061,11.936,11.882,11.019,11.441,12.705,12.950,12.546,12.388,131.555,289.999,220,C4
21/02/2019,12.664,12.146,12.003,12.273,12.068,11.361,10.435,10.781,11.117,11.102,10.707,126.657,269.699,212,C3
22/02/2019,11.188,10.033,11.289,11.443,10.904,10.803,11.079,11.146,10.607,10.469,11.006,119.967,263.196,219,C4
23/02/2019,11.323,12.780,12.102,12.102,10.552,11.274,11.788,12.038,11.636,11.736,10.705,128.035,269.890,210,C3
25/02/2019,10.489,10.664,10.866,10.959,10.793,10.727,10.635,10.550,11.786,11.532,11.495,120.496,267.842,222,C4
26/02/2019,11.205,11.092,11.647,11.261,10.928,10.928,11.191,10.864,11.614,11.261,9.049,121.039,268.622,221,C4
27/02/2019,10.210,11.632,12.035,11.661,12.144,10.719,11.505,10.908,11.626,9.197,11.226,122.863,277.656,225,C4
28/02/2019,11.168,11.054,11.121,12.191,11.716,11.474,11.152,11.265,11.418,13.650,13.427,129.635,314.299,242,C6
01/03/2019,13.908,13.130,13.196,13.256,14.823,13.394,11.934,11.934,12.099,12.099,12.099,141.872,298.190,210,C3
02/03/2019,11.714,10.791,11.309,12.255,12.421,10.882,10.933,10.801,11.156,12.390,12.390,127.040,281.080,221,C4
03/03/2019,11.696,11.716,9.821,11.178,11.203,10.534,11.348,11.448,11.595,10.066,10.348,120.952,267.421,221,C4
04/03/2019,11.690,11.979,11.533,11.421,12.403,12.034,11.889,11.615,10.843,12.596,12.596,130.598,293.466,224,C4
05/03/2019,11.747,12.660,12.526,12.788,12.353,12.635,11.997,11.231,12.866,13.206,13.206,137.213,299.063,217,C4
06/03/2019,12.472,12.357,12.704,12.775,12.949,12.515,12.855,12.463,12.463,12.223,11.900,137.675,305.307,221,C4
07/03/2019,12.713,12.532,13.969,13.641,13.216,13.078,13.063,13.291,12.555,12.555,14.034,144.647,329.364,227,C5
08/03/2019,14.281,13.703,15.080,15.067,15.067,14.831,14.821,14.496,15.119,15.540,14.466,162.471,332.525,204,C2
10/03/2019,13.552,13.098,12.616,12.517,12.532,12.532,11.973,11.524,12.200,12.558,12.187,137.288,300.849,219,C4
11/03/2019,13.191,13.516,13.535,13.813,13.044,14.436,13.607,13.461,13.911,13.294,13.839,149.644,316.494,211,C3
12/03/2019,12.497,13.215,12.884,12.652,12.782,12.814,12.813,13.193,11.515,13.647,13.180,141.189,314.083,222,C4
13/03/2019,13.862,14.197,14.289,13.512,13.500,13.317,13.120,13.297,13.401,13.759,13.759,150.011,326.890,217,C4
14/03/2019,14.265,13.407,13.705,13.705,13.070,12.730,12.730,12.954,13.298,12.789,13.002,145.652,317.240,217,C4
15/03/2019,13.643,13.479,13.123,13.432,13.492,12.632,14.079,13.336,13.324,12.964,12.497,146.000,321.382,220,C4
16/03/2019,13.643,13.612,12.778,13.723,13.979,14.015,13.304,12.497,12.247,12.755,12.755,145.307,331.858,228,C5
17/03/2019,13.036,12.674,13.639,13.479,13.094,12.452,12.932,12.689,12.559,12.838,13.134,142.523,305.151,214,C3
18/03/2019,12.895,12.895,13.638,13.638,12.958,13.250,13.474,13.172,13.740,13.740,14.213,147.611,323.025,218,C4
20/03/2019,8.714,9.935,9.935,12.696,13.212,13.297,13.161,13.073,13.215,12.979,14.091,134.305,312.399,232,C5
21/03/2019,13.776,14.340,14.088,13.632,13.359,12.896,12.994,12.553,13.632,14.426,14.462,150.157,335.272,223,C4
22/03/2019,12.185,13.597,13.175,12.975,12.746,13.537,13.738,13.377,13.557,13.485,13.326,145.697,326.703,224,C4
23/03/2019,13.873,14.830,14.780,14.188,14.730,13.142,13.012,13.393,13.240,12.753,13.052,150.990,316.298,209,C3
24/03/2019,13.275,11.895,14.105,12.452,12.298,12.484,12.253,12.582,12.475,11.810,13.026,138.655,312.031,225,C4
25/03/2019,13.672,13.349,13.397,12.471,12.846,12.748,13.309,11.688,14.381,13.179,13.774,144.814,304.744,210,C3
26/03/2019,11.587,11.365,11.434,11.907,11.871,11.043,10.967,12.203,11.764,10.494,11.734,126.369,272.663,215,C3
27/03/2019,11.926,11.709,12.095,11.787,11.776,12.191,11.884,11.605,10.772,11.139,10.713,127.597,285.494,223,C4
28/03/2019,11.709,12.285,11.948,12.869,13.130,11.594,10.806,12.331,12.002,12.959,11.614,133.247,293.670,220,C4
30/03/2019,12.882,12.151,11.800,11.311,11.617,12.500,13.701,13.464,13.139,13.139,14.871,140.575,318.641,226,C5
31/03/2019,13.841,14.844,14.916,15.092,14.493,14.196,14.704,13.529,14.131,14.131,13.911,157.786,312.928,198,C2
01/04/2019,11.197,11.854,11.653,11.435,12.249,12.249,11.806,11.806,11.208,11.853,11.095,128.403,289.923,225,C4
02/04/2019,12.820,12.752,12.922,12.471,12.506,12.485,11.666,11.486,10.789,11.658,12.625,134.179,309.655,230,C5
03/04/2019,14.114,14.336,15.853,14.832,15.059,14.492,14.474,13.830,13.322,11.885,12.000,154.196,316.929,205,C2
04/04/2019,12.417,12.183,12.079,12.461,11.290,11.023,11.377,11.424,11.515,11.654,12.415,129.839,282.617,217,C4
05/04/2019,12.608,12.714,13.365,12.757,13.243,13.350,12.784,12.887,12.800,11.792,12.820,141.118,305.193,216,C3
06/04/2019,11.812,12.516,13.258,13.078,12.485,12.735,12.530,12.530,12.358,12.358,13.053,138.714,306.808,221,C4
07/04/2019,12.203,12.260,12.792,12.499,12.097,11.842,12.498,12.772,13.162,12.387,12.143,136.655,302.366,221,C4
08/04/2019,12.551,13.029,13.724,13.314,11.722,12.508,13.009,12.202,12.337,13.606,13.246,141.247,316.133,223,C4
11/04/2019,14.266,14.970,14.124,16.233,15.082,13.736,19.113,14.710,16.038,15.170,15.170,168.612,356.648,211,C3
13/04/2019,14.982,13.676,14.402,14.892,14.541,13.858,13.903,13.674,14.397,12.596,12.596,153.515,330.272,215,C3
14/04/2019,13.758,13.612,13.448,14.141,13.417,14.524,13.424,13.994,13.887,15.034,15.034,154.270,333.884,216,C3
15/04/2019,14.703,14.862,14.525,12.994,13.976,13.966,15.009,14.927,14.665,15.404,15.404,160.433,344.822,214,C3
16/04/2019,12.459,13.381,12.943,13.192,12.581,12.939,13.085,12.347,11.839,11.839,13.170,139.772,313.255,224,C4
17/04/2019,14.365,14.052,13.682,12.601,13.642,12.945,13.314,13.340,14.011,14.011,13.724,149.685,344.002,229,C5
18/04/2019,13.427,16.275,15.197,15.197,14.260,15.008,14.733,13.385,14.271,14.271,14.020,160.041,346.576,216,C4
19/04/2019,13.460,14.322,14.105,12.808,14.692,13.611,13.435,13.255,13.093,13.248,12.983,149.011,316.352,212,C3
20/04/2019,12.950,14.220,13.590,14.733,14.389,14.744,15.185,14.413,14.898,15.119,14.327,158.564,333.177,210,C3
21/04/2019,13.303,13.750,13.638,13.437,13.622,12.084,14.250,13.757,13.537,13.946,13.630,148.951,334.858,224,C4
23/04/2019,12.729,14.091,12.162,14.388,13.274,13.019,11.354,7.961,8.543,9.216,9.145,125.879,282.795,224,C4
24/04/2019,14.675,13.894,13.810,13.334,13.012,11.721,11.721,12.435,13.034,12.930,12.286,142.850,320.084,224,C4
25/04/2019,14.660,14.175,14.546,14.270,14.390,14.279,14.646,14.580,14.806,14.853,16.009,161.214,359.012,222,C4
26/04/2019,15.347,15.235,15.132,15.602,15.084,14.712,14.476,13.994,14.070,15.384,16.091,165.127,348.466,211,C3
27/04/2019,13.176,12.275,13.464,13.745,13.748,13.700,13.935,13.248,13.271,13.660,13.945,148.167,337.370,227,C5
28/04/2019,13.540,13.313,13.590,13.965,13.685,13.311,13.302,12.844,13.193,13.283,14.193,148.219,333.219,224,C4
30/04/2019,12.280,12.670,12.496,12.761,13.063,13.223,11.627,12.640,13.128,12.953,6.693,133.536,327.982,245,C6
01/05/2019,14.118,14.103,14.421,14.589,14.466,13.717,13.918,14.326,15.286,14.813,14.065,157.822,339.060,214,C3
02/05/2019,13.798,14.325,14.090,14.091,14.026,13.843,14.162,15.215,14.819,14.486,13.796,156.650,344.519,219,C4
03/05/2019,13.294,15.680,14.635,14.397,14.768,14.610,15.521,15.230,16.109,16.433,14.866,165.542,364.737,220,C4
04/05/2019,13.818,13.761,14.237,14.462,14.505,14.519,14.157,14.188,14.110,13.324,12.811,153.891,333.791,216,C4
05/05/2019,14.928,17.178,16.139,14.527,13.963,13.971,14.351,13.649,13.645,13.960,14.062,160.373,345.301,215,C3
06/05/2019,13.612,13.638,14.016,13.808,14.053,13.975,14.357,14.332,14.560,14.519,14.243,155.114,337.513,217,C4
07/05/2019,13.482,14.245,14.411,13.436,14.745,14.219,14.254,14.573,13.858,14.198,13.990,155.408,337.972,217,C4
08/05/2019,13.704,15.133,14.221,14.475,14.028,13.713,13.713,13.152,12.248,12.268,13.597,150.250,332.858,221,C4
09/05/2019,13.949,13.562,13.963,13.118,14.506,13.591,13.778,16.264,16.243,16.680,16.655,162.307,333.205,205,C2
10/05/2019,12.862,12.260,13.211,12.750,12.622,12.045,11.939,11.655,12.418,12.084,12.652,136.499,314.863,230,C5
11/05/2019,14.337,14.043,15.049,15.116,14.608,14.032,13.707,13.876,15.076,14.481,14.575,158.898,341.379,214,C3
12/05/2019,13.341,12.829,13.426,13.658,13.804,13.596,13.763,13.401,13.084,13.378,13.668,147.944,312.996,211,C3
13/05/2019,13.851,13.829,13.387,13.596,14.678,14.505,14.753,13.871,13.634,13.822,14.082,154.006,333.356,216,C3
14/05/2019,14.470,15.227,14.537,13.929,14.436,13.997,14.514,13.917,14.357,15.504,14.053,158.938,342.838,215,C3
15/05/2019,14.474,14.841,14.411,15.348,15.211,15.175,15.123,14.779,15.461,15.530,15.812,166.161,364.484,219,C4
16/05/2019,15.688,15.216,14.854,15.624,15.012,14.301,14.224,14.131,13.926,13.700,13.952,160.626,349.373,217,C4
17/05/2019,14.630,16.343,15.906,16.125,16.109,14.571,15.903,15.378,15.785,14.347,15.106,170.201,358.585,210,C3
18/05/2019,15.433,15.623,14.586,14.269,14.070,14.831,14.493,14.772,14.860,16.244,15.557,164.734,361.221,219,C4
19/05/2019,14.444,14.425,14.875,14.713,14.790,14.667,14.464,13.868,14.380,14.701,14.096,159.421,351.453,220,C4
20/05/2019,15.292,14.927,15.376,14.569,14.129,14.232,14.620,14.850,14.611,15.682,16.463,164.748,375.983,228,C5
21/05/2019,15.417,16.147,15.758,15.288,16.104,18.030,18.101,17.515,16.730,16.471,15.820,181.378,391.071,215,C3
22/05/2019,15.163,15.437,15.457,15.575,15.230,15.193,15.510,15.023,15.231,15.086,14.041,166.944,368.524,220,C4
23/05/2019,15.845,15.638,15.640,15.768,15.175,15.071,15.338,14.834,15.466,15.273,14.067,168.111,354.747,211,C3
24/05/2019,14.186,14.211,14.133,14.184,12.985,14.091,13.145,14.465,13.581,14.040,13.968,152.989,337.384,220,C4
25/05/2019,15.177,15.013,15.163,15.492,15.149,15.198,15.476,15.105,15.501,15.413,15.581,168.268,364.277,216,C3
26/05/2019,14.812,14.453,14.740,14.735,14.730,13.904,15.364,15.050,15.114,15.546,15.367,163.815,348.393,212,C3
27/05/2019,14.030,13.935,14.306,13.518,13.658,14.051,13.605,13.971,13.889,14.570,14.690,154.223,342.214,221,C4
29/05/2019,16.019,15.805,16.117,16.407,16.032,16.175,16.540,16.475,16.970,16.925,17.165,180.630,389.706,215,C3
30/05/2019,15.027,15.437,15.443,15.246,15.319,15.666,15.361,15.463,16.246,15.799,15.702,170.709,386.417,226,C4
31/05/2019,14.945,16.277,15.567,15.714,14.722,14.761,15.122,14.157,14.614,14.385,13.443,163.707,354.407,216,C3
01/06/2019,15.042,15.121,15.308,15.417,14.727,14.345,14.451,14.151,14.203,14.424,14.365,161.553,361.241,223,C4
02/06/2019,14.373,13.977,14.299,14.231,14.603,14.368,14.386,13.996,11.983,14.642,14.613,155.470,324.727,208,C3
03/06/2019,13.046,13.611,12.995,13.697,13.971,13.972,14.454,14.895,15.201,15.134,14.467,155.442,346.743,223,C4
04/06/2019,13.214,14.140,14.345,13.950,14.811,13.754,13.013,13.898,12.683,13.168,13.053,150.028,331.808,221,C4
05/06/2019,14.838,15.549,15.264,14.993,14.571,14.454,14.987,14.853,14.967,14.493,14.479,163.448,352.926,215,C3
06/06/2019,15.450,15.412,15.258,14.905,15.134,14.125,14.125,13.525,13.642,14.271,10.655,156.503,157.230,100,C1
08/06/2019,16.721,16.737,16.603,16.877,16.882,16.419,15.888,17.104,16.299,16.344,16.613,182.485,383.825,210,C3
09/06/2019,14.018,14.095,13.865,13.368,14.479,14.228,14.291,14.613,13.994,14.927,14.453,156.329,333.746,213,C3
10/06/2019,13.413,13.050,12.802,11.885,13.088,13.552,13.915,14.079,14.174,14.527,14.251,148.732,337.076,226,C5
11/06/2019,13.394,15.095,15.315,16.042,14.618,14.574,14.319,14.559,12.065,12.994,14.996,157.969,365.790,231,C5
12/06/2019,15.721,16.380,16.234,15.874,16.183,14.813,14.836,14.501,15.619,13.631,15.645,169.435,361.644,213,C3
15/06/2019,15.203,15.526,15.526,15.971,15.971,15.532,15.873,14.718,15.753,16.189,16.039,172.298,366.853,212,C3
16/06/2019,13.323,13.593,13.946,13.828,13.843,13.822,13.602,13.493,12.694,12.868,13.774,148.786,328.873,221,C4
17/06/2019,14.108,13.901,14.473,14.175,14.141,14.047,14.032,15.181,15.181,15.687,15.730,160.654,356.303,221,C4
18/06/2019,14.185,14.892,14.452,13.997,14.362,14.173,15.437,15.437,15.487,16.763,15.270,164.455,364.658,221,C4
19/06/2019,15.498,15.299,15.444,15.499,15.018,15.320,14.813,14.829,14.784,15.052,14.755,166.308,360.660,216,C4
20/06/2019,14.801,14.518,14.319,14.736,15.009,14.765,14.788,14.755,14.714,14.820,15.041,162.265,362.320,223,C4
21/06/2019,15.237,15.666,16.178,15.361,15.602,15.375,15.580,16.236,16.012,16.974,16.610,174.829,380.355,217,C4
22/06/2019,14.005,14.587,14.395,13.545,14.030,14.863,13.882,14.143,14.991,14.880,15.084,158.405,348.668,220,C4
23/06/2019,13.759,15.045,15.422,14.859,14.584,14.106,14.183,13.796,13.702,14.084,14.519,158.059,359.460,227,C5
24/06/2019,15.116,15.161,15.023,15.346,14.827,14.971,15.070,15.537,15.884,16.208,15.982,169.125,363.761,215,C3
25/06/2019,13.947,13.736,14.699,15.078,14.984,15.127,15.381,15.432,14.426,15.441,15.441,163.691,366.048,223,C4
27/06/2019,15.550,14.975,14.622,15.043,14.656,15.032,15.808,15.656,16.176,16.384,15.529,169.430,361.676,213,C3
28/06/2019,14.971,15.030,14.946,15.157,15.170,14.950,14.830,13.219,10.740,12.005,13.873,154.890,354.823,229,C5
29/06/2019,15.180,15.814,15.586,16.304,14.432,16.115,16.561,15.613,16.211,14.877,14.699,171.391,369.067,215,C3
30/06/2019,15.666,16.116,16.111,16.111,16.113,15.849,16.102,15.386,14.592,16.053,15.613,173.712,374.770,215,C3
01/07/2019,17.125,16.721,16.721,16.032,15.653,15.771,15.566,15.356,15.508,15.581,15.267,175.300,359.076,204,C2
02/07/2019,13.579,14.702,14.240,14.493,14.324,14.105,14.327,14.173,14.741,14.665,14.187,157.535,347.834,220,C4
08/07/2019,16.239,16.092,15.680,15.876,15.458,15.297,15.266,16.083,16.083,17.357,17.549,176.977,388.481,219,C4
13/07/2019,14.954,15.149,15.188,15.188,14.528,14.885,14.885,15.133,15.587,15.587,15.694,166.777,375.442,225,C4
14/07/2019,16.309,15.714,15.714,15.658,15.859,15.661,15.661,16.175,16.349,16.349,16.708,176.157,390.024,221,C4
15/07/2019,16.540,16.949,16.498,17.394,16.499,16.499,16.948,16.563,17.871,16.528,16.528,184.816,400.445,216,C4
16/07/2019,14.104,14.340,14.616,14.747,14.841,13.681,12.751,12.418,12.418,13.311,12.931,150.155,329.644,219,C4
19/07/2019,15.059,14.803,15.367,14.743,15.074,15.074,15.118,15.118,15.489,15.489,15.297,166.630,363.258,218,C4
20/07/2019,16.641,15.509,14.887,14.319,13.307,13.228,14.241,14.241,14.238,15.266,14.932,160.809,350.903,218,C4
22/07/2019,13.736,14.055,13.730,14.131,15.003,14.327,14.484,13.561,14.161,14.353,13.831,155.372,347.580,223,C4
25/07/2019,14.225,15.925,15.857,15.889,16.657,16.530,16.530,15.548,14.850,14.701,14.346,171.056,376.662,220,C4
26/07/2019,16.094,16.174,16.430,17.858,16.943,15.903,14.935,15.667,15.462,12.595,11.135,169.195,377.412,223,C4
27/07/2019,14.809,14.811,15.514,14.955,14.370,15.116,15.335,15.303,16.386,16.800,15.429,168.828,363.840,215,C3
28/07/2019,13.653,14.287,14.522,14.585,14.477,14.405,15.108,14.827,14.785,15.061,14.769,160.479,351.416,218,C4
29/07/2019,15.265,14.843,15.081,14.136,14.124,14.390,13.999,14.602,14.372,15.039,14.457,160.307,352.650,219,C4
30/07/2019,14.482,14.693,14.612,14.528,15.386,14.972,15.073,14.512,15.431,15.139,14.962,163.789,353.579,215,C3
31/07/2019,14.292,13.795,14.425,15.244,13.937,13.301,14.074,14.166,15.746,10.714,9.292,148.987,342.008,229,C5
01/08/2019,15.577,15.739,16.516,16.921,16.212,15.735,15.756,15.924,16.500,16.500,16.237,177.617,383.852,216,C3
02/08/2019,15.632,15.975,16.123,16.177,15.968,15.894,15.896,15.283,15.446,15.689,15.017,173.100,378.549,218,C4
03/08/2019,16.385,15.072,14.192,14.055,14.196,15.202,14.975,15.273,15.764,15.974,16.435,167.522,366.902,219,C4
04/08/2019,14.987,15.507,15.378,14.935,15.421,15.313,15.437,15.228,15.008,15.544,14.785,167.542,365.839,218,C4
05/08/2019,15.510,15.675,16.115,15.170,15.715,15.454,15.511,15.376,16.191,16.894,16.797,174.405,399.936,229,C5
06/08/2019,16.016,16.586,16.390,16.834,16.951,16.215,15.960,16.470,16.969,16.969,17.151,182.510,399.489,218,C4
07/08/2019,16.112,15.695,15.897,15.924,14.769,14.230,15.200,15.045,15.317,15.241,15.307,168.735,359.047,212,C3
08/08/2019,13.347,13.738,13.738,13.199,14.058,13.292,13.967,14.391,14.591,13.876,13.380,151.576,325.835,214,C3
09/08/2019,14.972,15.516,16.297,16.452,16.452,16.146,15.968,16.108,17.167,16.761,15.535,177.373,374.013,210,C3
10/08/2019,16.066,14.673,14.425,14.919,15.290,15.290,14.299,14.299,15.635,15.994,14.650,165.538,367.775,222,C4
11/08/2019,15.971,15.432,14.209,14.120,14.093,13.625,13.862,14.184,14.347,14.059,14.024,157.924,342.054,216,C4
12/08/2019,13.907,13.897,14.110,14.311,13.503,13.053,13.287,13.066,13.394,14.148,13.953,150.626,329.148,218,C4
13/08/2019,13.204,12.609,10.527,9.751,9.752,9.578,9.366,10.782,15.043,15.043,16.377,132.031,317.157,240,C6
14/08/2019,13.732,13.732,14.026,14.295,13.927,13.476,14.109,15.398,15.575,15.943,15.943,160.155,350.238,218,C4
15/08/2019,13.988,14.526,13.528,14.062,13.266,13.252,13.565,13.741,13.577,13.486,13.498,150.486,326.149,216,C4
18/08/2019,15.070,15.553,15.553,15.798,15.612,15.612,15.687,15.879,15.957,15.869,15.743,172.332,371.596,215,C3
19/08/2019,15.726,15.632,15.913,15.581,16.151,15.812,15.926,16.324,15.518,15.518,15.489,173.590,384.343,221,C4
21/08/2019,14.886,14.886,15.517,15.696,15.359,14.857,14.958,15.421,16.181,15.789,15.421,168.970,359.037,212,C3
22/08/2019,13.829,15.277,15.676,15.941,16.089,16.211,16.021,17.261,17.523,17.475,16.404,177.707,400.026,225,C4
23/08/2019,17.575,17.784,17.502,17.502,17.234,16.597,16.261,16.729,17.227,16.274,16.144,186.828,406.385,217,C4
24/08/2019,15.886,16.482,15.886,16.290,16.558,16.906,17.215,17.111,17.206,17.075,16.128,182.742,377.051,206,C2
27/08/2019,13.757,14.559,13.988,12.696,12.848,13.222,14.489,13.927,14.444,14.444,15.079,153.452,331.527,216,C3
28/08/2019,12.404,13.310,12.330,13.327,13.327,12.844,12.230,12.311,12.064,12.064,11.681,137.891,307.327,222,C4
29/08/2019,12.348,12.687,12.706,12.601,12.307,12.307,13.286,12.428,12.962,13.380,12.867,139.880,304.950,218,C4
30/08/2019,12.904,12.057,11.613,12.449,12.449,12.187,12.706,12.729,12.307,12.351,12.306,136.058,301.590,221,C4
03/09/2019,12.551,12.442,13.146,12.758,12.286,12.629,11.998,12.163,12.806,12.383,11.436,136.595,308.756,226,C4
04/09/2019,13.552,12.834,12.379,12.937,12.660,12.448,12.448,12.906,12.906,13.221,12.094,140.383,305.797,217,C4
05/09/2019,12.421,12.730,12.362,12.902,12.011,11.128,11.518,11.888,11.888,12.108,11.572,132.527,310.724,234,C5
06/09/2019,14.290,14.239,14.337,14.337,13.774,13.774,14.252,14.252,14.387,14.387,12.937,154.964,334.424,215,C3
07/09/2019,13.632,13.730,14.301,13.427,13.464,13.647,13.729,13.488,13.488,13.590,14.168,150.662,328.048,217,C4
08/09/2019,13.419,13.127,13.127,12.709,12.573,12.666,13.352,13.744,14.248,14.199,13.820,146.981,316.670,215,C3
09/09/2019,13.045,13.072,13.090,13.649,13.823,13.284,14.051,13.826,13.826,13.581,12.990,148.233,319.711,215,C3
10/09/2019,12.883,12.930,12.754,12.864,11.980,13.087,12.347,12.708,12.173,13.186,13.460,140.370,321.564,229,C5
11/09/2019,12.338,12.129,12.572,11.720,11.943,11.628,12.272,12.113,12.254,11.352,12.960,133.279,293.112,219,C4
12/09/2019,12.657,13.002,13.531,12.891,13.327,12.577,12.451,12.282,12.875,12.832,13.041,141.463,310.429,219,C4
13/09/2019,13.275,12.828,12.945,12.822,12.576,12.322,12.530,12.807,13.003,13.604,11.872,140.580,296.669,211,C3
14/09/2019,10.964,12.404,12.404,12.300,12.343,11.865,11.575,12.519,12.760,13.166,13.166,135.464,292.458,215,C3
15/09/2019,11.951,11.926,12.077,12.489,12.006,12.498,11.579,11.571,11.571,10.772,10.741,129.181,279.765,216,C4
16/09/2019,11.762,11.732,11.751,11.726,12.182,12.011,12.476,12.414,12.433,12.993,12.987,134.467,310.134,230,C5
17/09/2019,13.636,13.772,14.021,13.010,13.050,13.132,12.210,12.368,12.479,12.537,12.346,142.561,308.860,216,C4
18/09/2019,13.453,13.209,13.170,13.592,12.763,12.822,12.822,12.883,14.244,14.092,11.385,144.435,309.030,213,C3
19/09/2019,13.077,13.503,13.131,13.043,13.015,13.177,12.840,13.263,13.143,12.731,12.731,143.653,304.470,211,C3
21/09/2019,12.155,12.158,12.240,11.779,11.668,10.434,11.488,11.633,11.995,11.789,11.874,129.214,277.041,214,C3
24/09/2019,12.911,13.528,13.453,13.529,13.731,13.459,12.818,12.781,12.879,12.978,10.722,142.789,309.763,216,C4
25/09/2019,13.871,13.410,13.494,12.913,12.913,13.816,13.401,13.329,15.097,15.581,13.900,151.724,324.384,213,C3
26/09/2019,13.960,13.266,13.994,14.468,13.576,12.577,12.981,12.532,13.300,13.295,12.597,146.547,326.992,223,C4
27/09/2019,13.778,14.064,13.415,13.540,13.532,12.339,13.169,13.169,13.478,14.148,13.104,147.737,315.278,213,C3
28/09/2019,13.150,12.752,13.101,13.091,12.711,12.834,13.055,12.569,13.564,13.360,13.247,143.432,316.474,220,C4
29/09/2019,12.847,12.847,13.722,13.213,12.462,13.737,13.251,13.829,13.133,13.195,13.514,145.749,322.324,221,C4
30/09/2019,12.317,12.093,12.320,12.748,12.479,12.871,12.871,12.914,12.466,12.466,12.835,138.380,302.997,218,C4
05/10/2019,12.019,13.158,12.079,12.218,12.602,12.579,12.450,11.915,12.411,13.186,12.574,137.189,297.437,216,C4
06/10/2019,11.026,11.647,11.647,10.997,11.519,11.551,11.969,11.969,11.763,11.763,13.279,129.129,298.009,230,C5
08/10/2019,9.846,11.303,12.003,11.612,11.456,10.526,10.526,11.015,12.779,11.566,11.673,124.303,313.935,252,C7
09/10/2019,15.214,15.961,15.520,15.796,14.990,14.645,14.357,12.857,13.844,14.917,15.482,163.580,347.310,212,C3
10/10/2019,13.301,12.517,12.907,13.120,13.152,13.497,12.224,12.426,14.097,13.908,14.018,145.164,341.762,235,C5
11/10/2019,14.867,15.178,14.501,14.968,14.652,14.350,14.570,13.412,13.946,14.105,15.059,159.605,348.836,218,C4
12/10/2019,15.189,14.934,14.348,14.924,14.537,15.251,15.135,14.741,14.529,14.733,14.755,163.073,322.212,197,C2
13/10/2019,11.813,12.234,12.444,12.864,12.055,12.265,11.948,11.046,12.125,12.899,12.169,133.861,294.717,220,C4
14/10/2019,13.193,13.165,13.253,13.265,14.268,14.248,12.256,12.634,13.253,12.131,12.131,143.794,310.584,215,C3
15/10/2019,11.244,13.738,13.589,12.622,11.531,12.521,13.040,12.826,12.967,13.093,13.093,140.263,316.599,225,C4
16/10/2019,12.281,13.465,12.162,13.883,13.044,12.997,12.691,11.418,11.236,11.717,11.001,135.894,288.658,212,C3
17/10/2019,10.975,12.797,12.120,11.994,12.345,12.220,10.517,10.516,11.816,11.044,11.851,128.192,275.237,214,C3
18/10/2019,11.693,9.536,10.936,10.457,11.125,11.125,11.495,10.535,12.142,12.142,10.986,122.171,272.410,222,C4
19/10/2019,11.106,10.634,11.301,9.926,11.147,11.806,11.806,12.219,9.885,10.563,11.280,121.672,277.603,228,C5
20/10/2019,10.698,10.435,9.691,10.107,10.445,10.670,10.143,9.997,10.870,11.235,11.559,115.850,250.206,215,C3
21/10/2019,11.480,10.864,10.864,11.223,11.488,10.293,10.526,10.763,10.483,11.382,11.080,120.446,265.105,220,C4
22/10/2019,10.890,11.057,11.835,11.480,11.041,10.991,11.187,10.950,10.611,11.415,12.464,123.921,282.469,227,C5
24/10/2019,11.674,11.632,11.321,11.748,11.440,11.440,11.548,11.890,12.005,11.515,10.975,127.188,277.804,218,C4
25/10/2019,11.392,11.392,12.367,11.484,12.473,12.421,11.112,10.325,11.161,12.348,13.124,129.597,300.347,231,C5
26/10/2019,13.679,13.679,13.807,13.517,14.275,14.214,13.505,13.498,13.954,12.966,12.966,150.059,323.168,215,C3
27/10/2019,13.119,12.403,12.403,12.299,12.299,12.132,11.839,11.675,11.643,11.740,11.929,133.481,288.365,216,C3
28/10/2019,12.607,12.598,12.841,11.791,12.898,13.240,11.208,11.208,12.150,11.881,12.337,134.761,292.628,217,C4
29/10/2019,12.302,12.235,12.247,12.196,12.163,12.287,12.560,12.648,12.780,12.812,13.700,137.929,303.406,219,C4
30/10/2019,11.051,11.443,11.443,12.644,11.894,11.776,11.486,11.585,12.029,12.598,12.300,130.248,296.965,227,C5
31/10/2019,13.232,13.809,13.932,13.736,13.574,13.266,12.954,11.902,11.641,11.375,12.868,142.288,312.136,219,C4
01/11/2019,11.266,11.777,12.012,12.012,11.914,10.641,11.457,10.869,11.150,11.150,10.780,125.027,276.683,221,C4
02/11/2019,11.317,10.878,11.583,11.783,10.979,12.132,11.287,11.266,10.898,10.817,11.536,124.475,268.116,215,C3
03/11/2019,11.186,10.232,11.049,11.377,11.362,11.135,9.762,10.510,10.908,9.465,10.496,117.482,260.997,222,C4
04/11/2019,12.049,11.056,11.440,11.529,11.424,11.430,11.385,11.624,10.922,11.813,12.267,126.939,289.925,228,C5
05/11/2019,11.979,12.711,11.916,12.203,12.252,10.925,12.673,10.206,12.763,12.763,10.776,131.165,282.475,215,C3
06/11/2019,11.901,13.557,13.240,13.240,13.060,12.902,12.902,12.669,12.917,12.684,12.618,141.690,303.433,214,C3
07/11/2019,11.139,12.264,13.345,13.094,12.667,11.627,12.571,11.607,12.763,13.136,13.182,137.394,317.211,230,C5
08/11/2019,13.293,12.186,13.878,13.650,13.231,13.204,14.438,14.831,15.000,14.782,14.512,153.003,339.428,221,C4
09/11/2019,13.438,13.723,13.793,13.823,13.924,14.084,14.068,13.685,13.799,13.799,13.325,151.458,326.364,215,C3
10/11/2019,13.278,13.334,12.917,13.911,13.407,12.966,13.713,13.781,13.898,13.459,13.590,148.253,323.252,218,C4
11/11/2019,13.535,14.156,13.753,14.404,15.634,14.842,13.493,13.718,13.718,14.164,14.081,155.496,335.344,215,C3
14/11/2019,13.300,13.585,13.617,13.107,12.501,13.437,13.437,13.872,13.753,13.694,13.712,148.013,332.982,224,C4
15/11/2019,14.461,14.461,12.284,12.284,12.583,12.583,12.579,12.794,12.763,13.314,13.335,143.441,318.240,221,C4
16/11/2019,12.861,12.861,12.167,11.953,12.632,12.785,12.989,12.224,12.183,12.496,11.639,136.787,287.682,210,C3
17/11/2019,11.949,11.949,12.081,12.081,11.935,11.971,12.921,12.038,10.992,12.638,11.272,131.823,284.575,215,C3
18/11/2019,12.618,11.630,12.331,12.295,11.972,12.010,12.173,12.352,12.709,11.884,11.455,133.428,293.355,219,C4
19/11/2019,12.696,12.869,12.560,13.092,13.082,12.744,11.964,11.488,11.614,11.614,12.088,135.809,293.126,215,C3
20/11/2019,12.959,12.432,12.432,13.221,12.546,12.802,12.481,11.669,12.443,13.117,12.577,138.677,305.172,220,C4
21/11/2019,12.761,12.301,12.841,13.174,12.774,12.026,11.451,12.551,12.551,10.598,10.598,133.626,283.645,212,C3
26/11/2019,12.487,12.487,11.839,12.167,12.167,12.227,12.227,12.025,12.025,12.433,12.433,134.516,-24.375,-19,C1
28/11/2019,12.255,11.819,11.491,11.313,12.136,12.858,12.936,11.023,11.371,10.978,11.785,129.964,282.149,217,C4
29/11/2019,11.992,11.659,12.173,12.241,12.598,12.616,12.004,12.294,11.186,10.612,11.544,130.920,301.828,230,C5
30/11/2019,13.269,13.298,13.298,13.048,13.015,13.423,13.223,12.837,13.005,13.923,13.481,145.820,317.367,217,C4
01/12/2019,12.674,12.914,12.447,12.804,12.196,12.530,12.822,12.439,12.067,13.712,13.131,139.739,305.089,218,C4
02/12/2019,12.665,12.678,12.651,13.079,13.361,13.439,13.597,13.380,12.683,12.051,12.750,142.334,320.259,225,C4
05/12/2019,13.208,13.921,13.396,14.314,13.946,13.184,12.832,12.962,13.367,13.095,12.943,147.166,327.084,222,C4
06/12/2019,14.584,14.977,13.921,13.022,13.379,13.721,13.572,14.626,14.234,14.256,13.889,154.180,326.511,211,C3
07/12/2019,12.726,13.679,13.679,13.703,13.418,12.829,13.154,13.547,13.875,13.041,13.912,147.562,309.532,209,C3
08/12/2019,12.562,12.042,12.431,11.664,12.069,12.458,12.343,12.401,12.717,12.511,13.338,136.536,304.632,223,C4
09/12/2019,12.281,11.909,12.317,12.434,12.626,12.487,12.484,12.782,13.333,13.388,13.017,139.059,313.246,225,C4
10/12/2019,12.918,12.411,12.032,12.609,11.669,11.838,12.184,12.771,13.139,13.349,13.155,138.073,309.507,224,C4
11/12/2019,13.071,13.193,13.175,13.176,12.931,13.318,12.984,12.789,13.224,13.867,13.287,145.013,320.476,220,C4
12/12/2019,13.125,13.462,13.632,12.866,13.151,13.187,13.144,13.212,13.441,13.143,13.329,145.689,326.048,223,C4
13/12/2019,13.790,13.847,13.859,13.664,13.738,13.790,13.790,13.528,13.133,13.059,11.987,148.183,321.796,217,C4
14/12/2019,14.210,14.193,15.297,14.601,14.179,14.568,14.584,14.920,14.865,14.357,13.732,159.506,306.661,192,C1
15/12/2019,10.430,10.532,9.854,9.674,10.230,9.859,10.203,10.516,11.055,10.946,10.442,113.739,249.138,219,C4
16/12/2019,10.043,10.064,10.763,10.955,11.607,11.323,11.315,10.515,10.084,10.479,10.104,117.251,256.885,219,C4
17/12/2019,10.672,10.303,10.272,11.003,10.699,9.258,8.836,6.746,7.216,7.179,7.207,99.388,232.708,234,C5
18/12/2019,11.107,11.162,11.206,10.339,11.027,10.933,9.306,10.989,10.589,11.107,11.083,118.846,273.518,230,C5
19/12/2019,11.394,11.318,11.541,11.536,11.530,11.148,10.511,10.819,10.551,10.150,10.190,120.684,262.093,217,C4
20/12/2019,10.737,10.741,11.082,11.412,11.278,11.818,11.074,10.275,11.006,11.747,11.052,122.219,262.070,214,C3
21/12/2019,9.916,9.907,9.153,9.118,9.141,9.722,8.667,9.224,9.243,9.046,9.046,102.182,220.555,215,C3
22/12/2019,9.601,9.032,8.858,9.452,9.763,9.766,8.934,8.331,8.724,8.686,8.295,99.438,218.034,219,C4
23/12/2019,9.303,8.749,8.626,9.318,9.137,9.029,9.401,10.088,9.262,9.810,9.754,102.474,235.961,230,C5
24/12/2019,10.566,10.357,10.218,10.218,9.901,10.744,11.301,10.505,11.090,11.184,11.141,117.223,269.378,229,C5
25/12/2019,10.060,10.314,9.819,9.806,9.803,9.726,9.738,9.757,10.285,9.934,9.729,108.971,235.973,216,C4
26/12/2019,10.701,9.409,9.393,10.113,9.517,9.757,10.427,9.318,10.219,10.205,9.977,109.036,251.907,231,C5
03/01/2020,12.064,11.652,10.738,11.271,11.378,11.561,11.990,10.845,11.387,10.697,11.014,124.597,269.348,216,C3
04/01/2020,11.112,10.838,9.976,10.294,10.380,10.003,10.420,11.041,11.057,11.229,11.365,117.714,279.770,237,C6
05/01/2020,12.793,12.992,13.076,13.544,13.383,13.462,13.504,13.441,12.591,12.428,13.439,144.652,295.621,204,C2
06/01/2020,10.893,11.091,10.799,11.199,10.833,10.966,10.966,11.071,11.793,11.779,11.286,122.676,279.680,227,C5
07/01/2020,11.929,12.276,11.921,12.689,12.540,12.331,12.300,11.843,11.758,12.140,12.115,133.841,288.043,215,C3
08/01/2020,12.272,11.830,12.495,12.327,11.623,10.368,11.122,10.777,10.767,10.729,11.329,125.637,282.112,224,C4
09/01/2020,12.010,11.639,12.066,12.056,11.925,12.482,12.783,12.134,12.363,12.727,12.729,134.913,303.639,225,C4
10/01/2020,13.233,13.229,12.468,12.423,12.449,12.458,11.913,11.773,11.665,12.145,12.758,136.513,290.551,212,C3
11/01/2020,11.624,11.652,10.865,10.713,11.065,11.452,12.524,12.204,12.949,12.609,11.753,129.410,278.749,215,C3
12/01/2020,11.466,11.818,11.472,11.468,11.413,11.821,12.234,12.125,11.778,11.736,12.105,129.435,284.727,219,C4
13/01/2020,12.870,13.480,13.425,14.045,13.282,13.005,12.931,11.486,11.671,10.995,11.407,138.595,293.476,211,C3
14/01/2020,12.404,12.298,11.811,12.192,12.567,12.570,12.905,12.548,12.337,12.493,12.386,136.508,299.241,219,C4
15/01/2020,12.180,12.819,12.897,12.808,13.093,12.092,12.590,12.883,13.147,12.837,12.494,139.838,303.793,217,C4
16/01/2020,12.096,12.237,12.232,12.908,12.532,12.871,12.370,12.480,11.742,12.319,12.680,136.465,307.029,224,C4
17/01/2020,13.187,13.975,13.634,13.786,12.184,12.111,12.492,12.838,11.766,12.427,12.463,140.860,312.732,222,C4
18/01/2020,12.539,12.512,12.106,12.156,12.128,11.787,12.137,11.735,11.931,12.277,12.034,133.340,295.033,221,C4
19/01/2020,12.921,12.827,12.541,11.356,11.801,11.364,11.763,11.758,11.733,11.633,11.794,131.489,272.180,206,C3
20/01/2020,10.769,11.302,10.913,10.175,10.874,11.222,11.284,11.226,11.615,11.491,11.930,122.798,264.747,215,C3
21/01/2020,10.923,11.290,11.283,10.914,10.138,10.893,10.886,11.179,11.172,11.544,11.152,121.372,277.060,228,C5
22/01/2020,10.993,11.232,11.441,11.103,10.785,11.128,11.537,12.643,12.244,12.136,11.623,126.861,274.661,216,C4
23/01/2020,10.995,11.342,10.876,11.382,11.809,11.875,11.858,11.837,11.835,11.780,11.800,127.387,284.717,223,C4
24/01/2020,11.959,11.639,11.160,11.192,11.066,11.210,11.107,12.201,11.326,11.360,12.070,126.288,274.414,217,C4
25/01/2020,10.310,10.720,10.692,11.127,11.576,11.150,11.562,11.127,11.011,11.217,11.998,122.488,275.333,224,C4
26/01/2020,11.713,11.705,11.569,10.956,10.961,11.351,11.767,10.950,10.488,11.187,11.937,124.581,268.840,215,C3
27/01/2020,10.582,11.305,11.314,11.708,11.207,11.677,11.693,10.895,11.548,11.532,11.162,124.621,285.662,229,C5
28/01/2020,13.301,13.122,13.528,13.480,13.125,12.567,13.485,13.024,13.389,13.049,13.045,145.112,305.769,210,C3
29/01/2020,12.859,13.038,12.945,12.153,12.166,12.150,11.794,11.783,11.361,11.626,11.947,133.819,297.718,222,C4
30/01/2020,12.730,12.811,12.864,12.522,12.544,12.561,12.196,12.082,12.296,12.823,12.604,138.033,307.256,222,C4
31/01/2020,12.577,12.946,12.947,12.904,12.109,11.711,11.290,11.984,12.342,13.410,12.543,136.763,300.766,219,C4
01/02/2020,13.928,14.328,13.193,12.288,12.464,12.083,12.459,12.430,12.426,13.154,12.689,141.442,304.781,215,C3
02/02/2020,11.347,11.740,11.394,11.387,11.392,11.398,11.022,11.010,10.894,10.771,10.813,123.168,273.751,222,C4
03/02/2020,11.728,11.779,11.436,11.449,11.845,11.365,11.382,11.404,11.228,12.467,12.424,128.507,290.632,226,C4
05/02/2020,12.872,13.062,13.469,13.398,13.382,13.095,13.510,13.500,13.755,13.715,13.336,147.095,324.411,220,C4
06/02/2020,13.002,13.016,12.960,13.671,13.732,13.001,11.888,12.213,12.494,12.670,12.860,141.507,312.963,221,C4
07/02/2020,13.211,13.194,12.807,12.834,13.212,13.581,13.969,13.542,13.511,14.573,14.946,149.380,328.190,219,C4
08/02/2020,14.272,15.322,16.111,16.852,14.619,16.089,15.374,14.187,14.503,15.599,15.629,168.556,360.344,213,C3
09/02/2020,14.105,13.424,14.034,13.701,12.664,12.654,12.133,12.280,13.135,13.345,12.810,144.284,298.529,206,C3
10/02/2020,11.457,11.085,11.108,11.903,12.222,12.383,14.288,13.609,14.015,13.860,12.925,138.854,302.077,217,C4
11/02/2020,12.571,12.263,12.088,12.265,11.917,11.455,11.569,12.518,12.180,10.647,11.805,131.278,282.003,214,C3
12/02/2020,11.535,12.593,13.387,13.051,12.982,11.502,11.226,11.513,11.582,10.450,10.570,130.391,282.743,216,C4
13/02/2020,11.144,11.497,12.221,12.329,11.840,11.154,11.524,11.558,11.769,11.501,11.792,128.327,283.471,220,C4
14/02/2020,12.681,12.696,12.322,12.292,11.948,11.350,11.795,11.201,11.882,11.874,11.728,131.769,295.237,224,C4
15/02/2020,12.738,12.976,13.715,13.371,13.000,12.969,12.930,12.214,12.515,12.890,12.869,142.185,304.715,214,C3
16/02/2020,11.557,12.189,11.768,12.283,12.124,12.577,12.204,12.569,13.077,13.026,13.007,136.381,311.945,228,C5
17/02/2020,13.113,13.475,13.503,13.337,12.513,11.843,12.360,11.558,11.942,12.548,12.215,138.405,298.046,215,C3
18/02/2020,12.693,12.204,12.895,13.084,12.700,12.776,13.442,13.321,12.693,13.135,13.019,141.959,311.637,219,C4
19/02/2020,14.011,13.427,13.539,13.051,12.904,13.422,13.264,13.430,13.286,13.286,12.238,145.857,299.923,205,C2
20/02/2020,11.881,11.720,11.907,11.899,12.283,12.298,11.939,12.989,13.037,12.985,12.426,135.361,314.940,232,C5
21/02/2020,13.261,13.975,14.268,13.507,13.633,13.275,13.247,12.918,12.895,13.621,14.301,148.898,323.760,217,C4
22/02/2020,12.948,12.427,12.448,12.493,13.728,11.991,12.608,13.240,13.179,12.712,12.325,140.096,306.791,218,C4
23/02/2020,11.402,11.760,11.379,12.073,11.361,12.202,12.718,12.463,12.633,13.769,13.101,134.860,295.971,219,C4
24/02/2020,12.135,12.089,12.004,12.106,12.244,12.408,11.701,12.078,12.020,12.225,13.512,134.519,304.730,226,C5
25/02/2020,12.501,13.154,13.427,12.866,13.065,12.870,13.022,12.756,13.135,13.668,12.244,142.705,308.161,215,C3
26/02/2020,12.814,13.918,12.499,12.707,12.719,12.737,12.341,12.672,13.218,13.506,13.769,142.897,306.817,214,C3
27/02/2020,11.213,11.949,13.156,13.388,12.860,11.079,11.769,11.802,11.511,11.591,11.550,131.864,299.138,226,C5
28/02/2020,11.985,12.363,12.365,11.991,10.444,10.768,11.353,10.825,11.823,11.912,12.463,128.289,296.768,231,C5
29/02/2020,14.043,13.947,14.124,13.467,13.560,12.728,12.620,12.146,12.244,12.283,12.616,143.774,304.293,211,C3
01/03/2020,12.252,12.013,11.421,11.353,11.424,11.746,11.430,10.579,11.372,11.329,11.775,126.690,279.982,220,C4
02/03/2020,12.004,12.936,13.002,13.132,12.693,13.950,13.682,13.756,13.949,13.371,13.445,145.917,314.258,215,C3
03/03/2020,13.112,13.547,13.383,13.326,13.116,13.366,13.912,13.740,13.688,13.624,13.856,148.670,313.532,210,C3
04/03/2020,12.385,12.237,12.417,12.404,11.248,11.216,11.217,11.171,10.668,11.373,10.182,126.518,269.825,213,C3
07/03/2020,11.575,11.994,11.217,10.076,10.073,9.948,10.187,10.367,11.039,11.570,12.491,120.537,266.136,220,C4
09/03/2020,10.662,10.928,10.789,10.957,10.181,10.964,11.359,10.880,10.647,10.818,10.888,119.072,260.180,218,C4
10/03/2020,11.084,10.205,10.833,11.640,10.320,10.064,11.238,9.969,10.271,10.932,10.535,117.091,264.525,225,C4
11/03/2020,10.852,11.673,12.062,12.077,11.723,10.280,10.626,10.046,10.331,11.047,10.654,121.370,272.933,224,C4
12/03/2020,12.037,12.036,12.043,12.063,12.049,12.060,11.653,11.144,11.407,11.467,10.010,127.969,272.543,212,C3
13/03/2020,11.487,11.676,11.678,11.690,11.699,11.322,11.693,10.856,10.767,10.722,10.913,124.503,270.549,217,C4
14/03/2020,10.325,10.556,11.164,11.218,10.945,10.300,10.931,10.426,10.763,11.785,11.429,119.841,267.240,222,C4
15/03/2020,10.169,10.381,10.757,10.814,12.190,10.206,10.438,10.626,10.813,10.239,9.178,115.810,235.715,203,C2
16/03/2020,9.093,9.417,10.072,9.657,9.468,10.311,10.050,9.336,10.306,9.718,9.571,106.996,241.810,225,C4
17/03/2020,10.606,11.238,10.373,9.231,8.184,8.595,9.537,9.566,9.369,9.723,10.104,106.524,233.723,219,C4
18/03/2020,10.145,9.985,10.145,9.926,10.150,10.766,9.726,10.195,11.490,11.659,11.363,115.549,257.083,222,C4
19/03/2020,10.805,11.182,9.647,9.060,8.469,9.049,9.308,9.215,9.603,8.470,9.073,103.878,239.784,230,C5
20/03/2020,10.811,10.246,10.225,9.639,9.661,10.037,9.842,9.692,10.101,11.551,10.764,112.567,250.413,222,C4
21/03/2020,10.334,9.942,10.556,10.321,10.368,9.816,11.089,11.351,11.307,10.857,10.011,115.949,249.740,215,C3
22/03/2020,10.050,10.618,11.802,10.247,9.676,9.653,9.268,9.102,9.131,8.276,9.171,106.995,233.558,218,C4
23/03/2020,10.037,8.868,10.048,9.466,9.872,8.918,8.105,8.146,8.146,8.559,9.589,99.752,229.673,230,C5
24/03/2020,9.134,10.751,9.675,10.490,10.518,9.564,9.894,9.052,10.136,9.856,10.140,109.209,248.914,227,C5
25/03/2020,10.067,10.060,10.463,9.695,9.882,9.690,10.681,9.237,10.509,11.607,9.792,111.680,245.609,219,C4
26/03/2020,9.844,10.827,10.453,10.256,9.677,8.706,7.578,5.764,6.329,6.783,6.728,92.942,222.280,239,C6
27/03/2020,10.261,10.065,9.878,9.506,9.283,10.279,9.482,8.432,9.936,10.831,9.942,107.894,240.348,222,C4
28/03/2020,10.329,10.818,10.131,9.669,9.820,10.446,10.043,10.359,10.110,10.018,10.200,111.941,245.871,219,C4
29/03/2020,9.990,9.821,9.241,9.398,9.285,9.063,9.403,8.651,9.340,9.180,9.959,103.329,230.888,223,C4
30/03/2020,9.614,9.811,9.827,9.810,9.463,9.243,8.557,8.576,9.165,8.900,9.245,102.209,244.380,239,C6
31/03/2020,9.574,10.162,9.988,9.967,11.513,11.528,11.176,9.106,10.229,9.597,9.713,112.551,250.459,222,C4
03/04/2020,8.400,9.449,8.785,9.132,9.524,8.895,9.004,9.080,9.695,8.973,9.080,100.015,228.596,228,C5
04/04/2020,9.630,8.884,9.269,9.421,9.732,9.209,9.508,8.361,9.534,8.880,9.475,101.900,228.680,224,C4
05/04/2020,8.932,9.713,9.457,9.449,9.344,9.622,9.453,8.756,9.565,8.342,8.798,101.428,223.759,220,C4
06/04/2020,9.435,9.542,9.452,8.371,9.698,9.300,9.183,7.771,8.607,8.652,7.856,97.865,206.263,210,C3
07/04/2020,7.376,8.162,9.358,7.756,8.171,8.192,8.164,8.144,7.593,8.770,8.753,90.436,195.951,216,C4
08/04/2020,7.282,7.311,6.928,6.656,6.984,7.607,8.024,7.834,7.834,7.512,7.234,81.204,204.704,252,C7
09/04/2020,9.365,9.461,9.048,9.128,9.154,8.001,8.534,8.631,8.354,8.303,7.459,95.435,214.971,225,C4
10/04/2020,9.037,9.003,8.302,9.295,7.942,8.524,9.957,9.929,9.737,8.274,8.722,98.720,217.808,220,C4
11/04/2020,9.168,10.366,8.199,8.526,8.383,8.596,9.090,8.027,7.933,9.089,8.963,96.336,208.545,216,C3
12/04/2020,8.386,8.563,9.660,9.365,8.925,8.970,9.739,8.209,8.584,9.028,9.071,98.498,216.349,219,C4
13/04/2020,9.320,8.906,8.855,8.384,8.544,8.305,8.376,7.660,9.383,10.090,10.101,97.924,226.514,231,C5
14/04/2020,8.682,7.566,8.326,8.377,7.990,7.790,7.814,7.959,8.185,7.485,6.665,86.839,194.745,224,C4
15/04/2020,7.959,8.345,7.979,7.587,8.000,7.979,7.993,7.915,9.313,9.313,9.993,92.375,208.804,226,C4
16/04/2020,8.746,8.366,7.220,7.496,7.590,7.991,7.983,8.377,8.306,9.228,9.996,91.299,205.365,224,C4
17/04/2020,8.772,8.184,8.271,8.039,7.660,8.037,8.039,7.220,7.927,7.856,7.334,87.339,187.856,215,C3
18/04/2020,7.644,7.664,8.024,8.434,7.662,8.048,8.069,7.662,7.243,7.305,8.607,86.362,207.547,240,C6
19/04/2020,8.804,8.306,8.772,8.573,9.394,8.806,8.803,8.401,7.916,8.090,8.151,94.016,207.854,221,C4
21/04/2020,9.448,9.828,9.635,9.831,9.648,9.269,10.048,8.629,9.120,9.094,9.418,103.968,226.296,217,C4
22/04/2020,8.700,7.928,8.319,8.347,8.329,9.277,8.560,7.551,8.279,7.432,8.149,90.869,200.724,220,C4
23/04/2020,8.192,8.860,9.094,10.843,8.319,8.532,7.363,7.526,7.484,7.258,6.083,89.553,190.584,212,C3
24/04/2020,7.819,8.024,7.525,8.038,8.032,9.360,9.420,9.330,9.285,8.249,8.232,93.314,205.547,220,C4
25/04/2020,9.195,8.427,8.032,8.041,7.557,7.493,7.445,7.627,7.545,8.663,8.248,88.273,209.955,237,C6
26/04/2020,9.985,9.602,9.044,8.615,9.051,9.751,9.277,8.214,8.857,8.873,8.266,99.532,211.449,212,C3
27/04/2020,9.206,9.799,9.191,10.554,9.058,9.358,9.968,9.572,10.745,10.614,10.158,108.222,233.412,215,C3
28/04/2020,8.828,9.762,10.193,10.153,9.432,8.978,9.046,8.558,8.944,8.424,8.518,100.835,225.093,223,C4
29/04/2020,9.621,9.458,9.481,8.542,9.232,9.401,8.928,9.268,9.825,9.552,9.739,103.047,227.593,220,C4
30/04/2020,8.917,8.729,9.268,8.402,8.947,8.744,8.747,7.770,8.459,7.457,8.770,94.209,207.902,220,C4
01/05/2020,9.075,8.525,8.737,8.812,8.585,7.941,8.693,7.526,8.989,7.817,8.337,93.037,204.682,220,C4
02/05/2020,10.828,7.571,9.007,8.740,8.724,8.367,9.310,7.556,9.215,8.178,8.550,96.046,203.268,211,C3
03/05/2020,7.610,8.388,8.011,7.994,8.263,8.005,8.003,7.987,7.544,7.516,7.446,86.766,189.580,218,C4
04/05/2020,8.006,7.649,7.636,7.242,8.257,8.275,6.687,7.988,7.558,8.900,8.900,87.094,196.117,225,C4
05/05/2020,8.787,7.622,8.678,8.410,7.626,9.199,7.654,8.785,7.592,7.852,8.393,90.595,202.501,223,C4
06/05/2020,8.016,8.407,7.260,7.415,7.864,7.870,7.822,8.254,8.557,7.878,9.652,88.993,207.531,233,C5
07/05/2020,8.826,8.821,8.455,8.834,7.693,7.672,7.910,8.196,8.385,8.412,7.545,90.749,202.366,222,C4
08/05/2020,8.228,9.524,8.494,8.085,8.525,7.983,7.981,7.931,8.876,9.747,8.730,94.103,203.687,216,C3
09/05/2020,7.851,7.190,6.877,7.483,7.087,6.481,7.726,7.105,7.059,7.761,8.463,81.082,175.690,216,C4
10/05/2020,7.920,6.884,6.681,6.473,6.588,6.343,6.479,5.513,5.381,5.758,5.919,69.936,153.156,218,C4
11/05/2020,7.126,7.326,6.966,7.106,6.837,7.020,6.718,7.197,6.743,7.951,8.268,79.257,183.739,231,C5
12/05/2020,7.594,7.604,7.616,7.240,7.276,7.012,7.116,6.842,6.790,7.574,8.796,81.457,185.532,227,C5
13/05/2020,7.989,7.621,7.624,7.228,7.603,7.998,7.673,6.352,6.788,7.152,6.730,80.756,176.486,218,C4
14/05/2020,6.827,7.218,7.227,7.229,6.865,6.483,6.585,6.842,7.481,7.850,8.310,78.915,177.439,224,C4
15/05/2020,6.879,6.627,7.146,6.605,6.744,6.875,7.386,7.520,7.353,7.226,7.442,77.801,169.803,218,C4
16/05/2020,6.491,5.910,6.105,6.492,7.238,9.080,6.378,6.374,5.786,6.258,6.747,72.857,157.136,215,C3
17/05/2020,6.388,6.341,6.773,7.646,7.155,6.863,7.274,5.699,6.425,5.989,5.933,72.483,166.573,229,C5
18/05/2020,7.252,7.252,7.277,7.275,7.304,7.205,7.307,7.284,8.770,8.962,9.036,84.922,194.750,229,C5
19/05/2020,6.458,7.242,6.852,7.246,7.287,7.560,7.745,7.922,7.578,7.155,7.884,80.927,182.176,225,C4
20/05/2020,7.258,7.667,7.246,7.920,8.929,7.668,7.296,6.867,7.616,7.551,7.665,83.680,187.490,224,C4
21/05/2020,8.056,7.683,7.677,7.393,7.557,8.039,8.061,7.989,7.862,7.591,7.853,85.759,186.746,217,C4
22/05/2020,7.601,7.221,7.226,7.244,7.205,7.246,7.637,6.855,7.167,8.290,7.408,81.097,183.322,226,C4
23/05/2020,7.462,6.914,7.064,7.185,6.830,6.813,6.809,7.147,7.913,7.509,7.085,78.728,172.124,218,C4
24/05/2020,6.809,6.491,6.397,6.511,6.504,6.104,6.581,6.760,6.541,7.104,7.198,72.999,160.090,219,C4
25/05/2020,6.457,6.757,6.845,7.083,6.965,6.095,5.973,6.179,6.691,7.531,6.850,73.423,176.481,240,C6
26/05/2020,8.030,7.624,5.818,6.424,6.899,6.907,6.525,6.476,7.036,7.381,7.203,76.320,175.015,229,C5
27/05/2020,9.014,7.705,7.603,7.192,7.585,7.578,8.710,7.163,9.351,9.961,8.357,90.217,194.993,216,C3
28/05/2020,7.954,7.564,7.577,7.505,7.657,7.981,7.606,7.553,7.898,7.484,7.595,84.372,191.479,226,C5
29/05/2020,8.337,8.250,8.103,7.638,7.241,7.265,7.275,6.070,7.844,6.857,6.263,81.140,180.684,222,C4
30/05/2020,7.873,8.072,7.970,8.382,8.779,8.013,8.019,7.604,7.557,7.124,7.363,86.754,187.894,216,C4
31/05/2020,7.243,7.408,7.960,7.214,7.624,7.238,6.940,7.220,7.087,6.353,8.101,80.386,179.753,223,C4
01/06/2020,7.576,7.579,8.355,7.590,7.975,8.257,7.961,9.088,8.969,10.513,11.257,95.118,215.420,226,C4
02/06/2020,8.401,8.803,6.890,6.922,7.199,7.657,6.897,7.136,6.545,6.647,7.454,80.547,186.306,231,C5
03/06/2020,8.396,6.526,8.232,7.288,8.387,7.606,8.387,8.395,8.328,8.238,9.005,88.787,199.241,224,C4
04/06/2020,8.769,7.641,8.001,8.402,7.455,7.455,7.994,8.744,9.542,9.946,9.133,93.081,200.599,215,C3
05/06/2020,8.767,9.858,8.031,7.253,7.564,9.248,8.046,7.631,8.574,8.574,8.389,91.935,194.841,211,C3
06/06/2020,7.676,7.683,7.667,7.680,8.083,6.952,7.289,6.939,6.850,7.154,6.818,80.791,179.733,222,C4
07/06/2020,7.202,6.135,7.185,7.304,6.501,7.277,5.778,6.467,6.072,6.084,6.684,72.689,167.739,230,C5
08/06/2020,7.259,7.270,7.247,7.270,6.891,7.589,7.638,8.004,8.393,8.742,7.900,84.203,196.724,233,C5
09/06/2020,7.997,7.595,7.961,8.365,7.652,7.586,8.395,7.966,8.892,8.721,8.957,90.087,211.806,235,C5
10/06/2020,8.355,9.545,8.660,8.787,8.416,8.347,8.436,8.784,9.119,9.477,8.981,96.907,208.288,214,C3
12/06/2020,7.652,7.923,7.648,8.011,7.319,6.923,7.262,7.619,7.594,7.930,7.476,83.357,186.554,223,C4
13/06/2020,7.653,8.018,8.774,8.089,7.645,8.453,8.063,7.654,7.625,7.550,7.492,87.016,186.035,213,C3
14/06/2020,7.268,7.166,6.916,6.141,6.909,6.880,6.898,6.870,6.747,6.412,6.739,74.945,165.057,220,C4
15/06/2020,6.663,6.931,7.306,7.589,7.307,9.202,8.883,8.837,7.615,7.968,8.511,86.811,190.595,219,C4
16/06/2020,7.684,7.682,8.796,7.722,7.684,7.300,7.667,7.266,5.705,6.036,6.304,79.846,173.077,216,C4
17/06/2020,6.502,6.921,6.915,6.779,7.703,6.923,6.927,6.927,7.556,7.570,7.504,78.226,177.263,226,C5
18/06/2020,6.531,6.906,7.311,6.937,6.924,6.458,6.570,6.919,6.486,7.556,7.166,75.764,165.852,218,C4
19/06/2020,6.509,6.530,6.124,6.874,6.517,6.897,6.521,6.774,6.844,6.780,7.522,73.893,167.289,226,C4
20/06/2020,6.889,6.495,6.876,6.907,6.773,6.917,6.917,6.889,6.083,6.766,8.610,76.123,162.064,212,C3
21/06/2020,6.109,6.118,6.100,5.758,6.134,6.145,5.634,5.367,5.666,5.611,5.559,64.199,144.685,225,C4
24/06/2020,8.031,8.040,8.439,8.445,7.955,8.077,7.702,7.275,7.249,8.692,9.138,89.044,202.174,227,C5
25/06/2020,8.409,8.803,8.450,8.458,7.684,8.004,8.079,8.047,7.964,8.920,8.317,91.133,199.129,218,C4
26/06/2020,7.996,8.752,8.387,7.586,7.994,7.220,7.224,7.595,7.939,7.771,8.234,86.697,190.042,219,C4
27/06/2020,7.653,7.136,7.249,7.545,7.582,7.576,7.581,7.160,7.149,8.251,8.684,83.565,176.704,211,C3
28/06/2020,6.874,7.147,7.255,6.881,6.499,7.244,8.042,7.287,6.076,6.011,6.350,75.665,161.744,213,C3
29/06/2020,6.543,6.924,7.328,6.874,6.901,6.233,6.905,6.518,7.254,7.581,7.947,77.006,174.639,226,C5
30/06/2020,7.389,7.526,8.053,7.291,6.508,6.920,7.994,7.257,8.349,9.113,10.514,86.913,214.507,246,C7
01/07/2020,7.608,7.986,8.359,7.988,7.607,7.197,7.581,8.243,7.961,8.677,9.612,88.819,198.560,223,C4
02/07/2020,8.799,8.070,8.436,8.430,8.449,8.455,8.482,8.311,8.016,9.076,8.713,93.237,201.893,216,C4
03/07/2020,8.019,8.754,8.754,8.840,8.445,8.070,8.448,8.439,7.644,7.582,8.662,91.655,200.140,218,C4
04/07/2020,8.081,8.874,8.462,7.690,8.742,8.122,6.589,6.916,6.537,6.427,6.758,83.196,186.494,224,C4
05/07/2020,7.291,7.654,8.463,7.584,7.667,7.676,8.083,8.061,7.666,7.654,6.441,84.236,185.841,220,C4
06/07/2020,9.638,8.838,8.337,8.837,8.462,8.854,8.065,8.821,8.751,8.689,8.657,95.946,205.797,214,C3
08/07/2020,7.707,6.171,5.782,5.379,5.682,6.487,6.173,5.760,5.294,6.378,6.767,67.578,154.669,228,C5
09/07/2020,6.429,6.151,5.765,5.320,5.804,5.759,6.062,6.148,5.748,6.483,6.479,66.144,163.683,247,C7
10/07/2020,7.693,8.110,7.725,7.317,8.085,7.720,8.117,7.701,7.896,8.411,7.938,86.712,190.949,220,C4
11/07/2020,8.051,7.670,8.033,7.665,7.289,7.290,7.326,7.296,7.239,7.087,6.727,81.670,181.687,222,C4
12/07/2020,6.509,6.506,6.916,6.538,6.523,6.915,6.885,6.890,6.880,6.418,5.946,72.923,171.640,235,C5
13/07/2020,9.005,9.535,7.626,7.640,7.271,7.270,7.287,6.860,6.833,7.138,7.501,83.963,181.751,216,C3
14/07/2020,7.231,7.109,7.248,8.007,7.235,7.246,7.212,7.238,7.169,8.727,7.552,81.970,182.249,222,C4
15/07/2020,7.299,7.685,7.287,7.314,7.692,7.301,8.076,8.052,7.995,8.736,7.108,84.543,188.323,222,C4
16/07/2020,7.675,7.685,7.695,7.728,7.280,6.902,6.939,7.311,6.888,6.818,7.888,80.808,183.587,227,C5
17/07/2020,6.907,8.072,8.160,8.457,6.979,6.138,5.868,6.047,6.125,6.428,7.142,76.320,172.469,225,C4
18/07/2020,7.354,7.348,7.329,6.956,6.954,6.935,7.210,7.318,6.854,7.611,8.641,80.508,183.879,228,C5
19/07/2020,6.940,7.313,6.936,7.342,7.352,6.963,6.909,5.848,5.970,6.463,7.217,75.250,166.526,221,C4
20/07/2020,7.349,8.063,7.343,6.961,7.357,9.598,10.061,8.076,8.782,9.887,10.520,93.994,204.137,217,C4
21/07/2020,8.052,8.837,8.459,10.020,8.070,8.445,8.465,8.037,7.983,7.593,8.974,92.933,194.619,209,C3
22/07/2020,7.834,9.151,8.361,7.972,8.001,7.622,7.995,7.937,7.515,7.845,7.018,87.248,194.907,223,C4
23/07/2020,8.457,8.531,9.544,7.183,8.070,7.678,7.668,8.004,8.378,8.596,8.422,90.529,208.155,229,C5
24/07/2020,8.919,10.003,10.736,10.402,10.413,9.688,11.113,9.948,9.257,11.020,10.251,111.746,233.584,209,C3
25/07/2020,8.456,8.930,9.127,8.109,8.154,7.781,7.812,7.440,8.064,8.072,8.046,89.990,188.789,209,C3
26/07/2020,8.473,6.393,7.871,7.115,6.417,8.245,6.464,7.181,5.630,7.442,6.710,77.937,172.853,221,C4
27/07/2020,7.200,7.175,6.905,6.865,7.213,7.889,7.668,7.597,7.577,7.504,7.831,81.424,177.255,217,C4
28/07/2020,6.853,7.265,7.250,6.917,6.539,5.758,6.435,6.099,6.022,5.619,5.611,70.368,158.332,225,C4
29/07/2020,6.493,6.620,7.253,7.291,6.985,6.980,6.948,6.557,6.436,6.505,6.731,74.799,168.091,224,C4
30/07/2020,6.865,6.661,6.854,6.667,6.865,6.142,6.180,6.209,6.547,6.416,6.863,72.269,165.479,228,C5
31/07/2020,7.072,7.396,7.374,7.794,7.047,6.509,6.607,6.547,6.613,6.541,6.363,75.863,167.507,220,C4
01/08/2020,6.859,6.554,6.616,6.957,6.578,6.871,6.298,6.574,5.600,6.109,6.763,71.779,164.730,229,C5
02/08/2020,5.837,5.859,5.824,6.221,6.128,5.914,6.506,6.284,5.968,4.975,4.882,64.398,142.685,221,C4
03/08/2020,5.509,6.953,7.288,7.053,7.763,6.617,5.835,5.726,6.486,6.451,6.390,72.071,159.562,221,C4
04/08/2020,6.076,7.994,8.377,8.850,9.391,8.519,8.438,6.621,6.123,6.837,6.988,84.214,177.954,211,C3
06/08/2020,7.988,6.965,6.981,6.894,6.250,6.565,6.952,6.924,6.887,7.195,7.109,76.709,170.153,221,C4
07/08/2020,7.354,7.765,7.552,6.715,6.854,6.876,6.960,6.886,6.428,7.126,7.491,78.008,180.860,231,C5
08/08/2020,7.995,7.995,8.403,8.038,7.252,7.240,7.535,6.849,8.225,6.830,7.506,83.869,176.029,209,C3
09/08/2020,6.432,7.229,6.503,5.629,6.208,6.875,6.789,6.216,5.941,5.995,6.351,70.167,157.182,224,C4
11/08/2020,7.186,6.983,7.257,7.279,6.913,6.125,6.525,6.486,6.811,7.518,7.891,76.973,181.710,236,C5
12/08/2020,9.051,8.480,9.460,9.164,8.114,8.681,7.629,7.972,7.929,9.797,7.803,94.080,204.713,217,C4
13/08/2020,8.870,9.183,8.722,9.402,7.681,8.219,8.379,7.571,8.688,8.974,9.368,95.055,205.877,216,C4
14/08/2020,8.039,8.797,7.921,8.700,8.178,7.398,8.710,7.095,6.970,8.861,8.659,89.328,195.556,218,C4
15/08/2020,7.550,8.707,7.564,7.828,7.956,7.968,7.622,7.586,7.157,8.954,8.782,87.675,190.619,217,C4
16/08/2020,7.037,7.570,7.692,7.104,7.618,7.262,7.651,7.223,6.839,6.672,6.496,79.165,179.403,226,C5
17/08/2020,9.760,8.700,7.584,8.169,8.063,7.880,6.266,7.309,7.624,8.068,8.109,87.530,187.902,214,C3
18/08/2020,7.710,7.648,8.449,8.369,7.998,6.991,7.689,7.411,8.691,8.426,8.359,87.739,196.900,224,C4
19/08/2020,7.633,8.053,7.844,8.316,8.078,8.131,7.704,7.298,8.255,8.408,8.562,88.281,194.011,219,C4
20/08/2020,7.792,8.294,8.054,8.046,8.049,7.863,7.878,7.684,8.022,9.593,7.853,89.127,192.211,215,C3
21/08/2020,8.220,8.333,8.066,8.058,7.708,6.551,6.535,6.916,7.464,8.845,8.070,84.765,204.601,241,C6
22/08/2020,8.471,9.299,8.484,8.108,8.104,8.388,8.119,8.071,8.969,9.136,8.405,93.552,196.149,209,C3
23/08/2020,6.814,7.184,7.520,7.551,7.417,7.414,7.426,4.890,5.918,6.853,7.203,76.186,179.276,235,C5
24/08/2020,7.764,6.991,6.990,7.003,6.350,6.603,6.742,6.944,6.893,7.206,8.348,77.834,174.410,224,C4
25/08/2020,7.356,7.360,7.164,7.159,6.997,6.170,6.935,6.538,7.524,8.081,7.947,79.230,180.335,227,C5
26/08/2020,7.289,7.720,7.726,7.756,7.724,7.389,7.263,7.039,7.163,8.362,7.751,83.182,185.734,223,C4
27/08/2020,7.338,7.705,7.721,8.132,7.787,7.318,6.986,6.167,8.170,9.129,7.718,84.169,179.343,213,C3
28/08/2020,7.697,7.689,7.593,7.713,6.932,7.162,7.107,7.259,7.988,8.695,8.275,84.108,194.745,231,C5
29/08/2020,8.418,8.420,8.123,7.650,7.376,6.994,7.477,6.623,7.660,7.836,8.735,85.310,185.677,217,C4
30/08/2020,7.799,7.837,7.711,7.733,7.842,7.861,7.960,6.665,7.403,7.450,7.923,84.181,189.313,224,C4
31/08/2020,8.601,7.711,8.510,8.085,8.324,7.629,7.682,8.080,7.872,8.913,3.874,85.277,199.984,234,C5
01/09/2020,7.939,8.413,8.044,9.154,7.699,7.223,9.160,7.136,8.316,9.064,8.443,90.588,204.317,225,C4
02/09/2020,9.040,3.710,15.578,8.897,9.041,7.971,461,14.431,10.456,9.736,10.221,99.539,224.992,226,C4
03/09/2020,8.705,8.612,8.744,8.785,8.496,8.343,8.374,6.314,11.403,9.662,11.121,98.555,209.088,212,C3
04/09/2020,8.733,8.763,7.998,3.196,13.415,8.680,7.509,9.138,8.944,9.457,10.450,96.279,213.289,221,C4
05/09/2020,8.293,8.495,8.664,8.632,8.111,7.955,8.173,8.329,8.840,8.349,8.537,92.374,196.767,213,C3
06/09/2020,7.620,8.189,7.550,7.557,7.974,7.531,7.773,6.591,7.475,7.753,7.763,83.774,187.456,223,C4
07/09/2020,9.255,9.469,9.812,9.796,9.639,7.573,8.021,7.757,8.210,8.426,8.708,96.664,210.002,217,C4
08/09/2020,8.747,9.654,9.081,8.873,8.991,8.849,8.276,8.469,8.858,9.371,8.943,98.108,218.458,222,C4
09/09/2020,9.043,8.059,7.911,7.535,7.544,7.438,7.147,7.502,7.060,8.145,7.725,85.106,184.596,216,C4
10/09/2020,7.916,7.529,8.290,8.166,8.088,6.415,8.314,8.742,8.055,7.796,8.522,87.833,200.484,228,C5
11/09/2020,8.859,9.086,8.346,8.335,8.353,7.969,8.360,7.953,7.899,8.115,8.433,91.707,204.735,223,C4
12/09/2020,8.592,9.027,8.780,8.572,8.809,9.188,8.812,8.785,8.686,9.272,9.130,97.651,205.326,210,C3
13/09/2020,8.023,7.607,7.632,8.031,7.698,7.914,8.547,7.143,7.192,7.886,7.489,85.160,184.255,216,C3
14/09/2020,8.049,8.110,8.439,8.376,8.112,8.108,8.510,7.644,8.196,8.461,8.327,90.330,201.781,223,C4
15/09/2020,9.619,10.039,9.880,9.836,9.664,9.487,9.432,9.413,9.925,10.415,9.833,107.541,228.715,212,C3
16/09/2020,8.780,9.397,10.321,11.489,10.550,9.349,8.960,10.597,10.547,10.897,9.860,110.745,235.102,212,C3
17/09/2020,9.470,10.628,9.209,9.764,8.737,9.741,8.513,7.571,7.833,9.175,8.312,98.951,208.272,210,C3
18/09/2020,7.583,8.963,8.136,7.610,7.343,6.724,7.116,6.788,6.704,7.784,7.374,82.125,180.550,219,C4
19/09/2020,7.564,7.559,8.315,7.554,7.810,7.681,7.123,7.126,7.955,7.980,7.752,84.419,182.175,215,C3
20/09/2020,6.506,6.712,7.672,7.081,8.003,7.181,7.247,7.222,7.030,7.099,8.020,79.773,168.821,211,C3
21/09/2020,6.889,6.776,7.243,6.888,7.655,6.509,7.279,7.190,7.603,8.357,8.213,80.602,194.204,240,C6
22/09/2020,7.634,8.033,8.064,8.323,8.188,7.936,8.154,7.959,8.078,9.615,8.832,90.816,203.707,224,C4
23/09/2020,7.928,7.963,7.962,7.884,7.959,7.607,7.397,7.085,7.819,8.816,8.345,86.765,194.485,224,C4
24/09/2020,7.912,9.126,8.207,8.400,8.397,7.973,7.468,6.845,8.526,9.335,8.528,90.717,205.439,226,C4
25/09/2020,8.640,9.133,8.561,9.356,8.181,7.167,7.857,7.353,8.619,8.420,10.219,93.506,235.172,251,C7
27/09/2020,10.034,10.410,9.665,10.044,10.082,8.579,9.810,8.390,9.203,9.547,9.098,104.862,232.656,221,C4
28/09/2020,9.523,10.062,10.076,8.943,10.090,10.098,11.257,9.803,9.116,10.703,9.607,109.277,233.131,213,C3
29/09/2020,9.337,10.393,10.521,10.266,8.922,10.165,9.086,8.455,9.661,8.874,9.894,105.572,230.992,218,C4
30/09/2020,9.354,11.299,10.169,9.389,9.088,9.373,9.381,10.416,11.104,12.477,12.017,114.066,265.896,233,C5
01/10/2020,11.447,12.053,12.733,12.362,11.233,11.976,12.345,11.432,11.525,12.178,12.529,131.812,275.830,209,C3
02/10/2020,11.000,10.788,11.158,10.537,8.804,10.067,9.768,9.149,9.543,11.126,10.176,112.116,251.716,224,C4
03/10/2020,10.427,11.006,11.848,11.690,11.575,11.959,12.338,11.557,11.879,10.094,11.360,125.732,260.540,207,C3
04/10/2020,10.517,10.917,9.488,10.343,10.206,10.217,9.787,9.842,10.451,9.450,9.949,111.167,241.159,216,C4
05/10/2020,10.924,10.633,9.943,9.472,9.479,9.654,9.856,9.034,9.714,10.179,10.340,109.226,242.849,222,C4
06/10/2020,11.783,11.831,12.130,11.383,11.013,11.013,11.240,11.017,10.933,10.846,9.760,122.949,254.873,207,C3
07/10/2020,11.350,11.325,11.329,10.968,11.344,10.964,11.715,10.177,9.923,10.137,11.046,120.276,248.702,206,C3
08/10/2020,9.355,10.230,10.412,9.855,9.373,10.437,9.385,9.723,8.967,9.746,9.939,107.418,235.062,218,C4
09/10/2020,9.355,9.609,10.095,10.191,9.266,10.178,9.259,8.652,10.068,9.198,10.377,106.246,239.732,225,C4
10/10/2020,10.351,10.532,10.921,10.951,9.821,10.548,10.576,10.545,10.476,11.204,11.227,117.149,255.428,218,C4
11/10/2020,10.148,9.684,10.300,10.079,10.471,10.490,10.451,10.027,10.699,11.776,10.773,114.896,248.211,216,C3
12/10/2020,9.275,10.767,10.105,10.379,10.362,10.724,10.436,10.448,9.854,11.410,11.337,115.095,254.074,220,C4
13/10/2020,11.155,11.148,11.149,11.171,10.094,10.381,10.310,10.334,10.963,11.769,11.011,119.484,256.951,215,C3
14/10/2020,11.936,10.873,10.883,10.516,10.872,9.970,10.489,10.080,11.091,13.045,11.162,120.914,266.316,220,C4
15/10/2020,10.534,10.887,11.622,11.345,10.512,11.267,11.282,11.666,11.529,11.667,11.199,123.509,273.850,221,C4
16/10/2020,11.911,12.622,13.039,12.350,12.657,13.385,13.098,11.952,11.895,12.026,12.674,137.605,288.591,209,C3
17/10/2020,11.140,12.206,12.668,11.593,11.878,11.986,11.939,11.507,11.098,11.139,10.639,127.790,276.898,216,C4
18/10/2020,10.349,9.413,10.829,8.306,11.974,9.785,9.364,9.983,10.357,9.936,9.936,110.229,242.194,219,C4
19/10/2020,10.883,10.373,10.897,10.905,10.918,10.911,10.873,10.856,11.602,11.830,11.906,121.950,271.113,222,C4
20/10/2020,10.095,10.481,10.870,10.540,10.860,10.169,10.493,10.445,10.010,11.154,10.769,115.883,255.442,220,C4
21/10/2020,10.354,11.312,10.924,10.912,10.903,12.397,12.849,10.443,11.111,11.165,11.066,123.434,267.537,216,C4
22/10/2020,10.917,10.428,11.247,10.959,10.535,10.938,10.884,10.822,11.537,11.865,11.490,121.619,264.059,217,C4
23/10/2020,10.921,10.549,9.441,9.779,9.402,10.532,9.751,10.045,11.349,11.151,10.349,113.266,248.932,219,C4
24/10/2020,10.499,10.113,10.498,11.225,11.595,11.210,11.218,11.208,10.075,10.407,10.252,118.297,259.799,219,C4
25/10/2020,10.523,9.420,10.490,10.913,9.417,9.754,8.970,8.176,8.877,9.601,9.636,105.775,241.436,228,C5
26/10/2020,10.533,10.140,10.870,10.527,10.520,10.926,10.522,10.055,10.410,12.175,11.877,118.552,282.191,238,C6
27/10/2020,13.187,12.053,10.862,11.626,11.675,11.676,11.595,11.196,11.399,12.635,11.869,129.769,280.061,215,C3
28/10/2020,11.242,11.649,12.015,11.647,11.261,11.669,12.365,12.323,13.567,13.458,10.699,131.894,285.338,216,C3
29/10/2020,12.015,12.042,12.821,12.464,11.710,10.573,10.493,11.257,10.071,10.848,10.349,124.643,271.033,217,C4
30/10/2020,11.861,11.072,11.423,11.823,11.024,11.002,11.024,10.547,10.592,11.364,11.885,123.617,273.403,221,C4
31/10/2020,11.286,11.654,11.648,11.277,11.256,10.827,11.569,11.131,11.479,11.783,12.400,126.310,279.094,220,C4
01/11/2020,11.566,11.576,11.206,11.218,10.848,10.833,9.680,11.186,10.426,10.342,11.453,120.334,261.991,217,C4
02/11/2020,11.755,11.211,11.378,11.006,10.199,10.562,10.534,10.085,11.570,10.805,10.757,119.862,269.376,224,C4
04/11/2020,11.361,11.784,11.786,11.753,11.413,11.783,11.376,10.550,11.549,11.279,11.987,126.622,291.415,230,C5
05/11/2020,12.178,12.617,12.638,13.760,12.228,12.207,12.174,11.691,11.850,12.916,12.116,136.377,297.541,218,C4
06/11/2020,11.762,12.136,12.530,12.155,11.220,12.186,11.730,11.215,12.358,12.732,11.928,131.951,290.626,220,C4
07/11/2020,11.975,11.987,12.220,12.404,12.419,12.029,11.982,11.180,12.964,13.730,13.404,136.292,294.765,216,C3
08/11/2020,11.672,11.313,10.543,10.858,10.433,10.908,10.897,10.085,10.743,11.170,10.827,119.449,267.272,223,C4
09/11/2020,11.037,11.022,11.804,11.418,10.665,10.491,11.004,10.876,11.272,12.732,12.315,124.635,269.105,215,C3
10/11/2020,11.231,11.210,11.982,12.363,11.190,10.140,11.440,10.508,10.741,11.545,11.940,124.289,283.137,227,C5
11/11/2020,11.467,11.430,11.843,11.841,12.288,11.830,11.177,11.323,12.074,13.467,12.460,131.198,279.751,213,C3
12/11/2020,10.654,11.403,11.434,10.992,10.872,10.417,9.620,10.059,10.349,11.154,11.221,118.174,260.086,220,C4
13/11/2020,10.901,12.044,11.278,10.665,11.414,10.717,10.547,10.908,11.235,11.020,9.645,120.373,266.004,220,C4
14/11/2020,7.654,8.616,10.060,11.548,12.553,12.381,11.678,11.596,11.928,12.731,12.295,123.039,291.266,236,C6
15/11/2020,11.139,12.384,12.697,12.914,13.070,13.120,12.652,12.511,11.878,11.386,12.577,136.326,295.050,216,C3
16/11/2020,12.385,12.489,12.825,11.693,12.093,11.872,10.883,10.428,12.399,10.147,11.546,128.758,285.908,222,C4
17/11/2020,12.021,11.752,11.795,12.054,11.656,11.643,11.639,11.186,11.163,12.631,12.267,129.806,283.867,218,C4
18/11/2020,10.312,15.098,15.098,14.683,13.650,13.429,14.042,13.522,13.380,12.917,13.296,149.425,313.402,209,C3
19/11/2020,11.150,11.772,11.762,11.679,12.290,12.066,11.743,10.964,11.332,11.674,11.835,128.265,267.799,208,C3
20/11/2020,11.454,11.088,11.101,10.964,10.807,10.676,10.236,10.818,10.527,12.027,12.049,121.744,276.852,227,C5
21/11/2020,10.913,12.660,11.647,11.349,11.732,12.102,12.117,11.649,11.652,13.544,13.396,132.759,290.987,219,C4
22/11/2020,11.223,11.760,11.372,11.013,11.404,11.359,10.215,10.796,10.514,11.220,11.998,122.872,269.981,219,C4
23/11/2020,12.178,13.082,12.471,11.288,11.455,11.797,11.364,10.840,12.342,13.882,13.902,134.598,299.223,222,C4
24/11/2020,12.603,12.980,13.378,13.377,12.989,12.982,12.513,11.551,12.265,12.315,13.097,140.047,305.457,218,C4
25/11/2020,11.382,10.993,10.616,10.627,11.003,10.592,10.416,10.543,10.736,11.002,12.157,120.064,273.501,227,C5
26/11/2020,12.284,11.920,12.121,11.924,11.934,10.316,10.056,10.275,11.767,11.813,11.412,125.820,283.168,225,C4
27/11/2020,11.583,12.367,12.374,12.399,11.251,11.825,11.567,12.253,12.298,13.647,12.753,134.313,287.988,214,C3
28/11/2020,11.202,11.995,11.229,11.216,12.117,11.989,12.581,11.731,12.270,13.230,12.951,132.509,286.390,216,C3
29/11/2020,11.261,11.653,10.540,9.393,10.155,10.046,8.963,8.892,10.525,9.777,9.749,110.951,254.348,229,C5
30/11/2020,11.000,11.784,11.810,11.024,11.432,11.047,11.259,10.677,11.148,11.802,12.160,125.142,273.144,218,C4
01/12/2020,11.430,11.445,11.277,10.681,10.298,10.659,11.057,10.674,10.617,11.316,11.672,121.123,272.910,225,C4
02/12/2020,12.183,12.171,12.163,12.176,11.630,10.137,7.155,5.126,5.604,7.169,5.586,101.097,220.770,218,C4
03/12/2020,10.994,11.398,11.401,10.994,10.855,11.541,12.357,11.308,11.995,12.527,12.344,127.711,293.945,230,C5
04/12/2020,12.836,12.064,11.599,11.599,11.796,11.261,10.735,10.917,10.919,11.291,12.039,127.055,294.213,231,C5
05/12/2020,11.876,12.043,12.429,12.178,12.428,12.651,12.791,12.418,12.350,12.707,13.137,137.008,298.020,217,C4
06/12/2020,11.995,12.024,11.464,11.613,11.599,11.735,11.857,11.748,12.215,11.238,11.574,129.062,277.003,214,C3
07/12/2020,11.423,12.049,12.047,11.851,11.874,11.838,11.316,10.879,12.792,12.323,13.673,132.065,294.643,223,C4
10/12/2020,11.736,12.119,12.307,12.345,12.143,12.146,12.114,12.063,12.244,12.406,12.842,134.464,293.352,218,C4
11/12/2020,12.222,13.573,12.073,11.845,11.482,11.873,11.827,11.644,11.423,11.516,12.489,131.966,292.979,222,C4
12/12/2020,11.212,11.444,11.466,11.454,11.460,11.446,11.823,11.025,11.198,12.339,11.311,126.178,277.757,220,C4
13/12/2020,11.972,11.006,11.768,12.581,11.259,10.819,12.173,11.376,11.749,11.710,11.716,128.129,283.036,220,C4
14/12/2020,11.951,11.173,11.193,10.537,11.478,10.859,11.442,11.250,11.117,10.141,11.864,123.005,262.432,213,C3
15/12/2020,10.526,11.476,11.454,10.679,10.681,10.886,11.499,10.086,10.446,11.067,11.555,120.354,259.174,215,C3
16/12/2020,10.876,12.037,12.050,11.456,11.997,10.121,10.221,10.566,11.747,10.093,11.931,123.094,269.464,218,C4
17/12/2020,11.291,10.835,11.748,10.887,10.624,10.539,10.320,10.930,10.723,11.586,11.722,121.203,264.383,218,C4
18/12/2020,10.321,10.612,10.948,10.602,10.558,12.132,10.986,11.237,11.177,12.203,11.939,122.714,274.088,223,C4
19/12/2020,12.100,12.507,12.558,11.767,12.151,12.912,12.881,12.407,13.083,13.296,13.908,139.571,301.840,216,C3
20/12/2020,13.134,12.811,12.425,11.967,12.960,13.155,13.005,10.966,12.112,11.472,13.818,137.824,297.819,216,C3
21/12/2020,12.694,13.384,13.386,13.721,13.944,13.197,12.991,12.722,13.238,14.408,12.974,146.656,311.950,212,C3
22/12/2020,11.742,11.755,11.961,11.171,11.618,10.987,11.739,12.497,12.485,11.616,11.661,129.229,283.584,219,C4
23/12/2020,11.766,10.628,11.002,11.023,10.659,10.655,9.896,11.089,11.308,10.922,10.066,119.013,267.236,224,C4
24/12/2020,10.827,12.572,12.578,12.245,12.533,12.191,10.617,10.534,11.675,12.424,11.246,129.440,270.951,209,C3
25/12/2020,8.832,10.169,8.993,8.868,9.496,9.578,9.322,9.680,9.819,10.034,9.201,103.991,222.742,214,C3
26/12/2020,9.113,10.046,11.205,10.785,11.341,9.041,9.045,8.692,10.750,10.056,9.645,109.717,234.031,213,C3
27/12/2020,9.082,9.282,8.494,9.486,8.319,9.468,9.486,8.911,10.524,8.385,8.645,100.079,224.976,224,C4
28/12/2020,9.805,9.834,9.870,9.263,9.296,8.874,9.430,9.453,9.246,9.621,9.908,104.597,246.648,235,C5
29/12/2020,11.351,10.195,11.339,10.547,11.343,9.626,10.711,10.139,10.052,9.693,10.234,115.228,247.537,214,C3
30/12/2020,10.097,10.502,10.315,10.130,9.796,10.135,10.135,10.291,10.469,10.419,10.735,113.023,236.361,209,C3
31/12/2020,4.839,6.790,9.740,9.735,9.757,8.607,8.789,9.061,10.382,9.769,11.882,99.348,241.012,242,C6
01/01/2021,10.176,9.947,9.956,10.791,10.594,10.607,10.572,10.576,9.739,9.624,9.946,112.526,249.479,221,C4
02/01/2021,10.123,10.465,9.667,9.658,10.280,10.273,10.212,10.295,10.284,11.964,10.709,113.928,258.793,227,C5
03/01/2021,10.709,10.753,10.968,10.955,10.950,10.958,10.662,10.274,10.502,11.238,11.493,119.460,261.368,218,C4
04/01/2021,9.985,10.878,10.812,10.642,10.293,10.386,10.399,10.195,10.929,11.791,10.087,116.395,274.560,235,C5
05/01/2021,12.320,12.035,12.535,12.834,13.143,12.948,12.800,11.787,11.639,13.057,12.968,138.063,290.965,210,C3
06/01/2021,11.062,11.907,11.636,11.870,11.183,11.398,11.644,10.550,11.593,12.699,12.452,127.991,296.673,231,C5
07/01/2021,12.687,12.320,12.684,12.690,12.704,12.686,12.666,12.101,11.738,13.513,13.046,138.833,302.358,217,C4
08/01/2021,11.333,11.889,11.881,11.910,11.551,10.526,11.003,10.737,11.075,10.683,11.009,123.595,274.374,221,C4
09/01/2021,11.751,11.540,11.165,11.565,11.226,11.504,11.548,12.064,11.318,12.144,12.432,128.257,279.878,218,C4
10/01/2021,11.354,10.829,11.460,12.226,11.629,11.255,11.576,11.054,11.813,12.008,11.159,126.363,280.674,222,C4
11/01/2021,14.818,13.604,11.721,13.909,9.956,17.325,9.839,16.283,14.747,13.719,12.716,148.637,310.827,209,C3
12/01/2021,12.006,12.372,13.166,12.391,12.412,12.385,12.327,12.295,12.874,13.040,14.431,139.699,319.051,228,C5
13/01/2021,14.655,14.280,14.231,14.031,12.322,12.699,13.332,12.313,12.540,13.225,12.772,146.400,321.247,219,C4
15/01/2021,14.548,14.907,14.908,14.923,14.645,14.787,14.529,14.520,13.481,14.355,15.581,161.184,356.363,221,C4
16/01/2021,13.726,14.466,14.132,14.012,13.983,14.209,14.113,13.412,14.228,14.505,16.330,157.116,346.415,220,C4
17/01/2021,13.155,13.235,13.376,14.000,14.107,14.572,14.314,14.009,14.229,14.756,14.390,154.141,329.771,213,C3
18/01/2021,13.529,14.053,13.697,13.708,13.424,13.319,12.924,11.700,12.678,13.833,13.350,146.213,323.488,221,C4
19/01/2021,13.374,13.585,12.900,12.982,13.288,13.232,12.539,12.262,12.513,13.050,12.993,142.718,311.641,218,C4
20/01/2021,12.500,12.761,13.209,13.532,13.294,12.916,12.892,11.214,12.206,13.383,12.955,140.862,307.358,218,C4
21/01/2021,12.847,13.190,12.833,11.441,10.967,11.622,11.076,10.516,11.842,12.766,12.553,131.651,295.320,224,C4
22/01/2021,12.161,12.000,12.143,12.150,11.527,10.562,10.305,10.783,12.662,11.689,12.337,128.318,287.523,224,C4
23/01/2021,12.907,12.493,12.791,12.695,12.571,12.843,12.300,12.519,12.399,13.117,14.131,140.766,304.401,216,C3
24/01/2021,11.827,11.838,11.852,10.723,11.128,10.750,9.801,10.299,10.238,11.722,11.748,121.925,267.211,219,C4
25/01/2021,11.659,11.518,11.991,11.611,11.603,10.951,10.715,11.480,13.354,13.962,12.530,131.371,293.626,223,C4
26/01/2021,12.711,13.081,12.752,12.763,12.345,12.306,11.555,11.855,12.239,13.300,12.996,137.904,292.455,212,C3
27/01/2021,12.004,11.282,11.816,12.654,12.297,11.399,11.558,11.548,12.100,12.462,13.761,132.879,298.281,224,C4
28/01/2021,12.635,13.606,13.878,13.177,11.886,11.913,11.756,10.894,12.121,12.352,12.174,136.388,302.357,221,C4
29/01/2021,11.646,12.270,12.695,12.102,12.575,11.822,11.371,11.189,12.185,12.961,12.329,133.142,290.869,218,C4
30/01/2021,11.957,11.569,11.714,11.646,11.715,11.246,11.028,10.934,11.228,13.126,13.831,129.991,282.645,217,C4
31/01/2021,12.786,12.880,12.389,12.869,11.688,12.568,11.763,11.899,10.543,11.401,11.410,132.194,273.599,206,C3
01/02/2021,11.122,13.198,11.900,11.164,10.952,10.578,10.733,10.499,11.366,12.105,11.543,125.157,272.448,217,C4
02/02/2021,10.083,10.888,11.206,11.135,10.693,10.604,10.009,9.871,9.669,10.367,10.611,115.135,261.855,227,C5
03/02/2021,12.825,11.324,10.937,10.947,11.075,11.328,10.755,11.065,10.775,12.142,12.486,125.658,274.545,218,C4
04/02/2021,10.409,11.372,11.359,11.577,11.339,11.095,11.308,10.030,10.525,11.249,11.563,121.824,272.829,223,C4
05/02/2021,11.759,11.961,10.289,11.862,13.339,11.253,11.881,11.631,11.784,11.109,10.915,127.780,275.891,215,C3
06/02/2021,11.697,12.011,11.430,11.716,11.657,12.065,11.765,11.750,11.678,12.192,11.940,129.898,290.151,223,C4
07/02/2021,11.619,11.495,11.981,11.981,11.952,11.727,12.042,11.671,10.702,10.874,11.896,127.938,277.239,216,C4
08/02/2021,12.724,12.681,11.448,11.050,11.428,11.461,11.082,10.918,11.605,11.641,11.646,127.682,289.350,226,C5
09/02/2021,12.068,12.410,12.802,12.441,12.051,12.437,12.335,11.150,12.342,13.300,12.195,135.530,291.476,215,C3
10/02/2021,11.193,12.256,12.594,12.293,12.251,11.924,12.255,12.216,12.149,13.358,13.349,135.836,293.090,215,C3
11/02/2021,12.330,11.975,11.946,11.959,11.624,11.570,11.596,11.875,12.612,11.851,11.118,130.454,286.489,219,C4
12/02/2021,11.547,11.700,12.097,12.066,11.343,12.063,12.894,13.179,13.166,13.197,11.259,134.511,292.701,217,C4
13/02/2021,12.864,13.657,13.462,13.651,14.407,12.096,13.665,14.035,12.505,12.484,12.864,145.690,311.106,213,C3
14/02/2021,13.083,12.360,12.756,11.845,12.000,11.627,11.228,11.203,10.807,11.476,11.476,129.860,287.080,221,C4
15/02/2021,12.351,12.698,11.942,11.586,10.830,10.628,11.173,11.516,11.124,12.222,11.557,127.627,286.704,224,C4
16/02/2021,11.960,12.334,12.152,11.614,11.937,11.246,11.171,11.069,12.233,11.973,11.973,129.661,287.739,221,C4
18/02/2021,12.335,11.980,11.971,12.494,12.017,11.998,11.179,11.885,11.885,12.198,11.503,131.447,294.945,224,C4
19/02/2021,12.814,12.408,12.422,12.803,12.823,12.858,12.495,11.603,12.652,12.652,12.455,137.985,312.078,226,C4
20/02/2021,13.594,14.360,15.122,14.383,14.024,14.352,13.256,11.610,12.772,12.772,11.926,148.170,301.868,203,C2
21/02/2021,11.521,11.319,11.309,11.320,11.297,11.295,11.649,11.649,11.277,12.435,12.032,127.103,293.459,230,C5
22/02/2021,12.742,12.755,12.599,13.525,12.837,12.787,13.146,13.103,13.076,12.430,12.430,141.429,311.271,220,C4
23/02/2021,12.435,12.453,12.836,13.220,12.843,12.469,12.037,11.613,11.965,11.965,13.032,136.868,307.792,224,C4
25/02/2021,13.104,13.100,12.790,13.867,12.244,12.362,12.785,12.756,12.778,13.143,12.456,141.384,301.204,213,C3
26/02/2021,12.083,12.614,13.216,12.519,11.655,12.092,12.815,12.135,12.466,13.220,13.195,138.009,309.121,223,C4
27/02/2021,13.317,13.292,12.543,12.798,12.200,10.641,12.917,12.178,12.697,12.697,12.950,138.228,300.240,217,C4
28/02/2021,11.429,11.788,12.198,11.819,11.258,11.805,12.209,11.771,11.725,11.729,12.029,129.760,292.183,225,C4
01/03/2021,12.656,12.186,12.535,12.438,12.238,12.618,12.215,12.492,12.520,13.416,12.880,138.193,295.192,213,C3
02/03/2021,11.803,11.267,11.267,11.472,11.088,11.075,11.828,10.986,11.341,12.341,11.351,125.817,283.809,225,C4
05/03/2021,11.717,12.478,12.074,11.295,12.065,11.529,11.458,11.652,11.678,12.191,10.820,128.954,283.596,219,C4
06/03/2021,11.700,11.822,12.597,12.567,12.969,11.839,12.556,12.167,12.138,13.318,13.515,137.186,296.069,215,C3
07/03/2021,11.926,10.810,10.750,11.156,11.170,11.349,11.889,11.927,11.507,11.585,11.495,125.562,276.107,219,C4
08/03/2021,13.288,12.196,11.805,12.588,11.828,12.210,12.498,12.149,12.171,12.486,12.501,135.717,292.937,215,C3
09/03/2021,11.609,12.396,11.637,11.631,11.649,10.856,12.384,10.717,12.051,12.051,11.494,128.472,278.160,216,C4
11/03/2021,11.702,11.688,11.335,11.167,10.973,10.193,11.353,9.819,10.822,11.959,11.524,122.533,274.662,224,C4
12/03/2021,12.451,12.731,10.902,11.255,12.018,11.148,11.304,11.226,11.226,11.553,11.553,127.364,287.530,225,C4
14/03/2021,11.033,12.210,11.448,11.435,11.439,10.987,11.038,9.924,9.924,10.899,10.899,121.235,264.405,218,C4
15/03/2021,11.046,11.807,11.688,10.999,11.607,11.010,10.242,10.137,9.955,9.955,9.719,118.164,264.486,223,C4
16/03/2021,12.436,11.826,10.603,10.729,10.237,9.943,10.610,9.455,10.742,10.742,12.041,119.361,272.500,228,C5
20/03/2021,10.169,9.423,10.538,10.371,9.924,10.161,9.802,9.584,11.128,11.148,11.493,113.741,261.673,230,C5
21/03/2021,9.863,10.099,10.245,10.693,10.296,10.328,10.651,9.463,10.049,10.487,10.808,112.982,256.314,226,C5
22/03/2021,12.702,11.868,11.728,11.910,12.099,11.867,12.168,11.925,12.390,12.669,12.409,133.735,290.386,217,C4
23/03/2021,11.733,11.410,11.256,10.997,11.252,11.671,11.661,11.167,12.570,9.351,18.069,131.137,311.515,237,C6
27/03/2021,10.928,13.234,13.221,12.852,12.851,12.467,12.849,12.787,12.831,13.669,13.077,140.765,297.970,211,C3
28/03/2021,11.605,11.793,11.807,12.188,11.856,12.174,12.116,12.136,12.125,12.061,11.305,131.165,277.559,211,C3
29/03/2021,11.062,11.099,11.122,10.747,10.713,11.733,11.993,11.047,11.993,12.495,12.491,126.493,278.289,220,C4
30/03/2021,11.895,11.417,11.347,11.347,11.766,11.057,11.812,11.401,11.727,11.301,11.671,126.741,281.247,221,C4
31/03/2021,11.851,12.004,12.205,11.054,11.041,11.029,12.190,12.218,12.083,12.115,11.280,129.069,279.067,216,C3
01/04/2021,11.104,12.249,11.327,11.084,9.937,10.697,11.459,10.265,10.999,11.339,11.696,122.156,252.020,206,C2
02/04/2021,9.139,10.278,10.688,10.143,9.912,9.931,9.904,10.217,10.193,10.189,9.786,110.376,231.930,210,C3
03/04/2021,9.540,9.541,9.518,9.388,9.547,9.926,9.541,9.084,9.037,9.374,9.041,103.535,221.223,213,C3
04/04/2021,9.532,9.134,9.148,9.165,9.147,8.631,8.387,7.228,7.553,7.516,6.746,92.185,187.531,203,C2
05/04/2021,8.315,8.371,9.133,8.761,8.361,8.046,8.254,8.719,8.671,8.619,8.622,93.869,199.797,212,C3
06/04/2021,9.111,8.734,7.996,8.340,8.322,7.936,7.599,7.942,7.780,7.896,8.266,89.919,194.999,216,C4
07/04/2021,8.005,7.642,8.007,8.026,7.642,7.631,8.400,9.485,8.600,8.600,7.497,89.532,216.013,241,C6
08/04/2021,10.338,10.011,10.300,9.934,8.307,9.963,9.565,9.517,9.846,9.058,10.563,107.399,243.551,226,C5
09/04/2021,10.330,10.326,10.154,9.948,9.583,9.939,10.296,9.875,10.215,9.835,9.375,109.873,236.915,215,C3
10/04/2021,9.930,9.966,10.260,10.171,10.697,10.683,10.658,10.249,10.937,11.691,10.751,115.991,244.706,210,C3
11/04/2021,9.851,10.233,9.931,9.841,9.112,9.497,9.494,9.461,9.062,9.365,9.413,105.257,247.855,235,C5
12/04/2021,11.726,10.812,10.965,10.982,10.988,11.357,11.753,11.828,11.607,10.930,10.482,123.427,258.391,209,C3
13/04/2021,10.145,10.291,10.118,10.168,10.142,9.029,10.146,10.879,11.612,11.479,9.785,113.792,249.353,219,C4
14/04/2021,11.334,11.297,11.320,10.159,9.850,10.234,10.542,9.751,9.624,10.495,10.071,114.673,261.714,228,C5
15/04/2021,11.042,11.438,12.200,11.861,11.762,11.452,11.817,11.393,10.947,11.315,11.468,126.693,282.525,223,C4
16/04/2021,12.205,12.163,12.584,12.611,12.129,12.584,12.552,13.318,12.152,11.874,11.531,135.699,284.601,209,C3
17/04/2021,11.416,10.604,10.676,11.749,12.164,12.192,12.178,12.138,11.796,11.358,11.252,127.522,277.616,217,C4
18/04/2021,9.749,9.857,8.332,9.123,9.293,9.884,9.520,9.511,8.725,9.022,9.026,102.040,226.357,221,C4
19/04/2021,9.081,9.078,9.454,9.495,9.075,9.728,10.213,9.791,9.446,9.752,9.355,104.468,244.320,233,C5
20/04/2021,11.353,11.690,12.181,12.437,12.202,12.114,12.465,12.061,12.424,11.890,11.302,132.119,267.862,202,C2
21/04/2021,9.895,10.269,9.886,9.499,9.496,9.492,9.511,9.401,10.194,9.826,9.648,107.117,241.395,225,C4
22/04/2021,9.848,10.244,9.860,10.558,9.859,9.448,10.232,9.827,10.862,10.486,10.469,111.693,252.207,225,C4
23/04/2021,11.508,12.152,11.911,10.888,9.711,9.883,9.951,9.876,10.578,10.406,10.095,116.959,249.504,213,C3
24/04/2021,11.017,10.999,10.621,11.020,9.872,10.619,9.499,9.643,10.921,11.233,10.861,116.305,245.664,211,C3
26/04/2021,10.242,10.605,8.721,9.123,9.840,9.093,9.843,9.450,10.926,9.354,9.180,106.374,240.525,226,C4
27/04/2021,10.444,9.458,9.071,9.423,8.647,9.483,9.843,9.277,10.569,11.652,10.571,108.438,227.458,209,C3
28/04/2021,9.825,9.478,9.827,10.298,9.866,9.476,9.919,8.671,9.388,9.364,8.936,105.049,231.266,220,C4
29/04/2021,9.685,9.853,9.476,9.527,9.091,8.739,9.459,9.093,8.671,10.118,10.160,103.871,228.951,220,C4
30/04/2021,9.089,9.361,9.661,10.464,10.254,11.761,10.233,9.017,8.976,9.335,9.239,107.387,232.784,216,C4
01/05/2021,8.980,9.672,9.376,9.734,10.078,9.651,9.388,8.975,9.696,10.075,10.039,105.663,230.659,218,C4
02/05/2021,8.720,8.742,8.311,8.781,9.102,8.756,9.918,9.000,9.110,8.986,9.424,98.848,215.816,218,C4
03/05/2021,10.651,9.930,9.901,10.301,10.682,10.639,11.236,9.987,9.604,10.125,10.415,113.470,242.341,213,C3
04/05/2021,10.039,9.722,9.672,10.775,9.632,9.680,10.173,10.672,10.667,10.612,9.454,111.097,236.461,212,C3
05/05/2021,9.769,9.941,10.493,9.732,9.699,9.347,9.376,8.943,8.990,9.247,8.358,103.894,231.469,222,C4
06/05/2021,10.015,10.068,10.038,9.826,9.165,9.315,9.680,9.647,9.739,9.951,9.222,106.665,235.019,220,C4
07/05/2021,10.143,9.703,10.971,9.846,9.603,9.817,9.537,9.183,9.879,10.201,9.849,108.731,246.165,226,C4
08/05/2021,11.170,10.624,10.835,10.921,10.307,10.770,11.530,11.534,11.560,11.076,9.506,119.833,252.707,210,C3
09/05/2021,8.922,9.941,9.688,9.845,9.457,9.080,9.855,9.446,9.290,11.383,11.223,108.127,242.704,224,C4
